SET DEFINE OFF;

CREATE OR REPLACE FORCE EDITIONABLE VIEW "MAXIMO"."FBILOGGERMAIN" ("VIEWKEY", "CRONTASKNAME", "INSTANCENAME", "OWNERTABLE", "OWNERID", "MBONUM", "EXPORTDATE","ORGID") AS select row_number() over (order by CRONTASKNAME||'-'||INSTANCENAME||'-'||OWNERTABLE||'-'|| OWNERID||'-'||MBONUM) VIEWKEY,CRONTASKNAME,INSTANCENAME,OWNERTABLE, OWNERID, MBONUM ,EXPORTDATE,ORGID from (select CRONTASKNAME, INSTANCENAME, OWNERTABLE, OWNERID, MBONUM, MAX(EXPORTDATE) EXPORTDATE,ORGID  from (select distinct  CRONTASKNAME,INSTANCENAME,OWNERTABLE, (CASE when ownerid<=0 then null else ownerid END ) AS OWNERID, MBONUM,EXPORTDATE,ORGID from fbilogger) group by CRONTASKNAME, INSTANCENAME, OWNERTABLE, OWNERID, MBONUM ,ORGID);


--DOMAINS
Insert into MAXDOMAIN (DOMAINID,DESCRIPTION,DOMAINTYPE,MAXTYPE,LENGTH,SCALE,MAXDOMAINID,INTERNAL,DOMAINOWNER,NEVERCACHE) values ('FBIEXPORTFLAG','File Based Integration Export Flag','ALN','ALN',1,0,MAXDOMAINSEQ.nextval,0,'SYS',0);
Insert into ALNDOMAIN (DOMAINID,VALUE,DESCRIPTION,SITEID,ORGID,ALNDOMAINID,VALUEID) values ('FBIEXPORTFLAG','D','Re-exported and file deleted',null,null,ALNDOMAINSEQ.nextval,'FBIEXPORTFLAG|D');
Insert into ALNDOMAIN (DOMAINID,VALUE,DESCRIPTION,SITEID,ORGID,ALNDOMAINID,VALUEID) values ('FBIEXPORTFLAG','R','Re-exported',null,null,ALNDOMAINSEQ.nextval,'FBIEXPORTFLAG|R');
Insert into ALNDOMAIN (DOMAINID,VALUE,DESCRIPTION,SITEID,ORGID,ALNDOMAINID,VALUEID) values ('FBIEXPORTFLAG','Y','Exported',null,null,ALNDOMAINSEQ.nextval,'FBIEXPORTFLAG|Y');



Insert into MAXOBJECTCFG (OBJECTNAME,CLASSNAME,DESCRIPTION,EAUDITENABLED,EAUDITFILTER,ENTITYNAME,ESIGFILTER,EXTENDSOBJECT,IMPORTED,ISVIEW,PERSISTENT,SERVICENAME,SITEORGTYPE,USERDEFINED,CHANGED,MAINOBJECT,INTERNAL,MAXOBJECTID,TEXTDIRECTION,RESOURCETYPE,HASLD,LANGCODE) values ('FBILOGGER','psdi.mbo.custapp.CustomMboSet','File Based Integrations Log',0,null,'FBILOGGER',null,null,0,0,1,'CUSTAPP','SYSTEM',1,'I',0,0,MAXOBJECTCFGSEQ.nextval,null,null,0,'EN');
Insert into MAXOBJECTCFG (OBJECTNAME,CLASSNAME,DESCRIPTION,EAUDITENABLED,EAUDITFILTER,ENTITYNAME,ESIGFILTER,EXTENDSOBJECT,IMPORTED,ISVIEW,PERSISTENT,SERVICENAME,SITEORGTYPE,USERDEFINED,CHANGED,MAINOBJECT,INTERNAL,MAXOBJECTID,TEXTDIRECTION,RESOURCETYPE,HASLD,LANGCODE) values ('FBILOGGERFILE','psdi.mbo.custapp.CustomMboSet','File Based Integrations Logger Files',0,null,'FBILOGGERFILE',null,null,0,0,1,'CUSTAPP','SYSTEM',1,'I',0,0,MAXOBJECTCFGSEQ.nextval,null,null,0,'EN');
Insert into MAXOBJECTCFG (OBJECTNAME,CLASSNAME,DESCRIPTION,EAUDITENABLED,EAUDITFILTER,ENTITYNAME,ESIGFILTER,EXTENDSOBJECT,IMPORTED,ISVIEW,PERSISTENT,SERVICENAME,SITEORGTYPE,USERDEFINED,CHANGED,MAINOBJECT,INTERNAL,MAXOBJECTID,TEXTDIRECTION,RESOURCETYPE,HASLD,LANGCODE) values ('FBILOGGERMAIN','custom.iface.fbi.FBILoggerMainSet','File Based Integration Main View',0,null,'FBILOGGERMAIN',null,null,1,1,1,'CUSTAPP','SYSTEM',1,'I',1,0,MAXOBJECTCFGSEQ.nextval,null,null,0,'EN');


Insert into MAXTABLECFG (TABLENAME,ADDROWSTAMP,EAUDITTBNAME,ISAUDITTABLE,RESTOREDATA,STORAGEPARTITION,TEXTSEARCHENABLED,LANGTABLENAME,LANGCOLUMNNAME,UNIQUECOLUMNNAME,ISLANGTABLE,MAXTABLEID,ALTIXNAME,TRIGROOT,CONTENTATTRIBUTE,STORAGETYPE,EXTTABLENAME) values ('FBILOGGER',1,null,0,0,'MAXDATA',0,null,null,'FBILOGGERID',0,MAXTABLECFGSEQ.nextval,null,'FBILOGGER',null,0,null);
Insert into MAXTABLECFG (TABLENAME,ADDROWSTAMP,EAUDITTBNAME,ISAUDITTABLE,RESTOREDATA,STORAGEPARTITION,TEXTSEARCHENABLED,LANGTABLENAME,LANGCOLUMNNAME,UNIQUECOLUMNNAME,ISLANGTABLE,MAXTABLEID,ALTIXNAME,TRIGROOT,CONTENTATTRIBUTE,STORAGETYPE,EXTTABLENAME) values ('FBILOGGERFILE',1,null,0,0,'MAXDATA',0,null,null,'FBILOGGERFILEID',0,MAXTABLECFGSEQ.nextval,null,'FBILOGGERFILE',null,0,null);



Insert into MAXVIEWCFG (VIEWNAME,VIEWSELECT,VIEWWHERE,AUTOSELECT,MAXVIEWID,VIEWFROM) values ('FBILOGGERMAIN','select row_number() over (order by CRONTASKNAME||''-''||INSTANCENAME||''-''||OWNERTABLE||''-''|| OWNERID||''-''||MBONUM) VIEWKEY,CRONTASKNAME,INSTANCENAME,OWNERTABLE, OWNERID, MBONUM ,EXPORTDATE,ORGID',null,0,MAXVIEWCFGSEQ.nextval,'from (select CRONTASKNAME, INSTANCENAME, OWNERTABLE, OWNERID, MBONUM, MAX(EXPORTDATE) EXPORTDATE,ORGID  from (select distinct  CRONTASKNAME,INSTANCENAME,OWNERTABLE, (CASE when ownerid<=0 then null else ownerid END) AS OWNERID, MBONUM,EXPORTDATE,ORGID from fbilogger) group by CRONTASKNAME, INSTANCENAME, OWNERTABLE, OWNERID, MBONUM, ORGID');



--MAXATTRIBUTECFG
Insert into MAXATTRIBUTECFG (OBJECTNAME,ATTRIBUTENAME,ALIAS,AUTOKEYNAME,ATTRIBUTENO,CANAUTONUM,CLASSNAME,COLUMNNAME,DEFAULTVALUE,DOMAINID,EAUDITENABLED,ENTITYNAME,ESIGENABLED,ISLDOWNER,ISPOSITIVE,LENGTH,MAXTYPE,MUSTBE,REQUIRED,PERSISTENT,PRIMARYKEYCOLSEQ,REMARKS,SAMEASATTRIBUTE,SAMEASOBJECT,SCALE,TITLE,USERDEFINED,CHANGED,SEARCHTYPE,MLSUPPORTED,MLINUSE,HANDLECOLUMNNAME,MAXATTRIBUTEID,RESTRICTED,LOCALIZABLE,TEXTDIRECTION,COMPLEXEXPRESSION,EXTENDED) values ('FBILOGGER','CRONTASKNAME','CRONTASKNAME',null,1,0,null,'CRONTASKNAME',null,null,0,'FBILOGGER',0,0,0,30,'ALN',0,0,1,null,'Crontaskname','CRONTASKNAME','CRONTASKDEF',0,'Crontaskname',1,'N','WILDCARD',0,0,null,MAXATTRIBUTECFGSEQ.nextval,0,1,null,null,0);
Insert into MAXATTRIBUTECFG (OBJECTNAME,ATTRIBUTENAME,ALIAS,AUTOKEYNAME,ATTRIBUTENO,CANAUTONUM,CLASSNAME,COLUMNNAME,DEFAULTVALUE,DOMAINID,EAUDITENABLED,ENTITYNAME,ESIGENABLED,ISLDOWNER,ISPOSITIVE,LENGTH,MAXTYPE,MUSTBE,REQUIRED,PERSISTENT,PRIMARYKEYCOLSEQ,REMARKS,SAMEASATTRIBUTE,SAMEASOBJECT,SCALE,TITLE,USERDEFINED,CHANGED,SEARCHTYPE,MLSUPPORTED,MLINUSE,HANDLECOLUMNNAME,MAXATTRIBUTEID,RESTRICTED,LOCALIZABLE,TEXTDIRECTION,COMPLEXEXPRESSION,EXTENDED) values ('FBILOGGER','EXPORTDATE','EXPORTDATE',null,2,0,null,'EXPORTDATE',null,null,0,'FBILOGGER',0,0,0,10,'DATETIME',0,0,1,null,'Export date',null,null,0,'Export date',1,'N','EXACT',0,0,null,MAXATTRIBUTECFGSEQ.nextval,0,0,null,null,0);
Insert into MAXATTRIBUTECFG (OBJECTNAME,ATTRIBUTENAME,ALIAS,AUTOKEYNAME,ATTRIBUTENO,CANAUTONUM,CLASSNAME,COLUMNNAME,DEFAULTVALUE,DOMAINID,EAUDITENABLED,ENTITYNAME,ESIGENABLED,ISLDOWNER,ISPOSITIVE,LENGTH,MAXTYPE,MUSTBE,REQUIRED,PERSISTENT,PRIMARYKEYCOLSEQ,REMARKS,SAMEASATTRIBUTE,SAMEASOBJECT,SCALE,TITLE,USERDEFINED,CHANGED,SEARCHTYPE,MLSUPPORTED,MLINUSE,HANDLECOLUMNNAME,MAXATTRIBUTEID,RESTRICTED,LOCALIZABLE,TEXTDIRECTION,COMPLEXEXPRESSION,EXTENDED) values ('FBILOGGER','FBILOGGERFILEID','FBILOGGERFILEID',null,3,0,null,'FBILOGGERFILEID',null,null,0,'FBILOGGER',0,0,0,19,'BIGINT',0,0,1,null,'Fbiloggerfileid',null,null,0,'Fbiloggerfileid',1,'N','EXACT',0,0,null,MAXATTRIBUTECFGSEQ.nextval,0,0,null,null,0);
Insert into MAXATTRIBUTECFG (OBJECTNAME,ATTRIBUTENAME,ALIAS,AUTOKEYNAME,ATTRIBUTENO,CANAUTONUM,CLASSNAME,COLUMNNAME,DEFAULTVALUE,DOMAINID,EAUDITENABLED,ENTITYNAME,ESIGENABLED,ISLDOWNER,ISPOSITIVE,LENGTH,MAXTYPE,MUSTBE,REQUIRED,PERSISTENT,PRIMARYKEYCOLSEQ,REMARKS,SAMEASATTRIBUTE,SAMEASOBJECT,SCALE,TITLE,USERDEFINED,CHANGED,SEARCHTYPE,MLSUPPORTED,MLINUSE,HANDLECOLUMNNAME,MAXATTRIBUTEID,RESTRICTED,LOCALIZABLE,TEXTDIRECTION,COMPLEXEXPRESSION,EXTENDED) values ('FBILOGGER','FBILOGGERID','FBILOGGERID',null,4,0,null,'FBILOGGERID',null,null,0,'FBILOGGER',0,0,0,19,'BIGINT',0,1,1,null,'Fbiloggerid',null,null,0,'Fbiloggerid',1,'N','EXACT',0,0,null,MAXATTRIBUTECFGSEQ.nextval,0,0,null,null,0);
Insert into MAXATTRIBUTECFG (OBJECTNAME,ATTRIBUTENAME,ALIAS,AUTOKEYNAME,ATTRIBUTENO,CANAUTONUM,CLASSNAME,COLUMNNAME,DEFAULTVALUE,DOMAINID,EAUDITENABLED,ENTITYNAME,ESIGENABLED,ISLDOWNER,ISPOSITIVE,LENGTH,MAXTYPE,MUSTBE,REQUIRED,PERSISTENT,PRIMARYKEYCOLSEQ,REMARKS,SAMEASATTRIBUTE,SAMEASOBJECT,SCALE,TITLE,USERDEFINED,CHANGED,SEARCHTYPE,MLSUPPORTED,MLINUSE,HANDLECOLUMNNAME,MAXATTRIBUTEID,RESTRICTED,LOCALIZABLE,TEXTDIRECTION,COMPLEXEXPRESSION,EXTENDED) values ('FBILOGGER','FILEEXPORTED','FILEEXPORTED',null,5,0,null,'FILEEXPORTED',null,null,0,'FBILOGGER',0,0,0,1,'ALN',0,0,1,null,'Exported',null,null,0,'Exported',1,'N','WILDCARD',0,0,null,MAXATTRIBUTECFGSEQ.nextval,0,1,null,null,0);
Insert into MAXATTRIBUTECFG (OBJECTNAME,ATTRIBUTENAME,ALIAS,AUTOKEYNAME,ATTRIBUTENO,CANAUTONUM,CLASSNAME,COLUMNNAME,DEFAULTVALUE,DOMAINID,EAUDITENABLED,ENTITYNAME,ESIGENABLED,ISLDOWNER,ISPOSITIVE,LENGTH,MAXTYPE,MUSTBE,REQUIRED,PERSISTENT,PRIMARYKEYCOLSEQ,REMARKS,SAMEASATTRIBUTE,SAMEASOBJECT,SCALE,TITLE,USERDEFINED,CHANGED,SEARCHTYPE,MLSUPPORTED,MLINUSE,HANDLECOLUMNNAME,MAXATTRIBUTEID,RESTRICTED,LOCALIZABLE,TEXTDIRECTION,COMPLEXEXPRESSION,EXTENDED) values ('FBILOGGER','HASLD','HASLD',null,6,0,null,'HASLD','0',null,0,'FBILOGGER',0,0,0,1,'YORN',0,1,1,null,'Hasld',null,null,0,'Hasld',1,'N','NONE',0,0,null,MAXATTRIBUTECFGSEQ.nextval,0,0,null,null,0);
Insert into MAXATTRIBUTECFG (OBJECTNAME,ATTRIBUTENAME,ALIAS,AUTOKEYNAME,ATTRIBUTENO,CANAUTONUM,CLASSNAME,COLUMNNAME,DEFAULTVALUE,DOMAINID,EAUDITENABLED,ENTITYNAME,ESIGENABLED,ISLDOWNER,ISPOSITIVE,LENGTH,MAXTYPE,MUSTBE,REQUIRED,PERSISTENT,PRIMARYKEYCOLSEQ,REMARKS,SAMEASATTRIBUTE,SAMEASOBJECT,SCALE,TITLE,USERDEFINED,CHANGED,SEARCHTYPE,MLSUPPORTED,MLINUSE,HANDLECOLUMNNAME,MAXATTRIBUTEID,RESTRICTED,LOCALIZABLE,TEXTDIRECTION,COMPLEXEXPRESSION,EXTENDED) values ('FBILOGGER','INSTANCENAME','INSTANCENAME',null,7,0,null,'INSTANCENAME',null,null,0,'FBILOGGER',0,0,0,30,'ALN',0,0,1,null,'Instancename',null,null,0,'Instancename',1,'N','WILDCARD',0,0,null,MAXATTRIBUTECFGSEQ.nextval,0,1,null,null,0);
Insert into MAXATTRIBUTECFG (OBJECTNAME,ATTRIBUTENAME,ALIAS,AUTOKEYNAME,ATTRIBUTENO,CANAUTONUM,CLASSNAME,COLUMNNAME,DEFAULTVALUE,DOMAINID,EAUDITENABLED,ENTITYNAME,ESIGENABLED,ISLDOWNER,ISPOSITIVE,LENGTH,MAXTYPE,MUSTBE,REQUIRED,PERSISTENT,PRIMARYKEYCOLSEQ,REMARKS,SAMEASATTRIBUTE,SAMEASOBJECT,SCALE,TITLE,USERDEFINED,CHANGED,SEARCHTYPE,MLSUPPORTED,MLINUSE,HANDLECOLUMNNAME,MAXATTRIBUTEID,RESTRICTED,LOCALIZABLE,TEXTDIRECTION,COMPLEXEXPRESSION,EXTENDED) values ('FBILOGGER','MBONUM','MBONUM',null,8,0,null,'MBONUM',null,null,0,'FBILOGGER',0,0,0,500,'ALN',0,0,1,null,'Mbonum',null,null,0,'Mbonum',1,'N','WILDCARD',0,0,null,MAXATTRIBUTECFGSEQ.nextval,0,1,null,null,0);
Insert into MAXATTRIBUTECFG (OBJECTNAME,ATTRIBUTENAME,ALIAS,AUTOKEYNAME,ATTRIBUTENO,CANAUTONUM,CLASSNAME,COLUMNNAME,DEFAULTVALUE,DOMAINID,EAUDITENABLED,ENTITYNAME,ESIGENABLED,ISLDOWNER,ISPOSITIVE,LENGTH,MAXTYPE,MUSTBE,REQUIRED,PERSISTENT,PRIMARYKEYCOLSEQ,REMARKS,SAMEASATTRIBUTE,SAMEASOBJECT,SCALE,TITLE,USERDEFINED,CHANGED,SEARCHTYPE,MLSUPPORTED,MLINUSE,HANDLECOLUMNNAME,MAXATTRIBUTEID,RESTRICTED,LOCALIZABLE,TEXTDIRECTION,COMPLEXEXPRESSION,EXTENDED) values ('FBILOGGER','OWNERID','OWNERID',null,9,0,null,'OWNERID',null,null,0,'FBILOGGER',0,0,0,19,'BIGINT',0,0,1,null,'Ownerid',null,null,0,'Ownerid',1,'N','EXACT',0,0,null,MAXATTRIBUTECFGSEQ.nextval,0,0,null,null,0);
Insert into MAXATTRIBUTECFG (OBJECTNAME,ATTRIBUTENAME,ALIAS,AUTOKEYNAME,ATTRIBUTENO,CANAUTONUM,CLASSNAME,COLUMNNAME,DEFAULTVALUE,DOMAINID,EAUDITENABLED,ENTITYNAME,ESIGENABLED,ISLDOWNER,ISPOSITIVE,LENGTH,MAXTYPE,MUSTBE,REQUIRED,PERSISTENT,PRIMARYKEYCOLSEQ,REMARKS,SAMEASATTRIBUTE,SAMEASOBJECT,SCALE,TITLE,USERDEFINED,CHANGED,SEARCHTYPE,MLSUPPORTED,MLINUSE,HANDLECOLUMNNAME,MAXATTRIBUTEID,RESTRICTED,LOCALIZABLE,TEXTDIRECTION,COMPLEXEXPRESSION,EXTENDED) values ('FBILOGGER','OWNERTABLE','OWNERTABLE',null,10,0,null,'OWNERTABLE',null,null,0,'FBILOGGER',0,0,0,30,'UPPER',0,0,1,null,'Ownertable',null,null,0,'Ownertable',1,'N','WILDCARD',0,0,null,MAXATTRIBUTECFGSEQ.nextval,0,1,null,null,0);
Insert into MAXATTRIBUTECFG (OBJECTNAME,ATTRIBUTENAME,ALIAS,AUTOKEYNAME,ATTRIBUTENO,CANAUTONUM,CLASSNAME,COLUMNNAME,DEFAULTVALUE,DOMAINID,EAUDITENABLED,ENTITYNAME,ESIGENABLED,ISLDOWNER,ISPOSITIVE,LENGTH,MAXTYPE,MUSTBE,REQUIRED,PERSISTENT,PRIMARYKEYCOLSEQ,REMARKS,SAMEASATTRIBUTE,SAMEASOBJECT,SCALE,TITLE,USERDEFINED,CHANGED,SEARCHTYPE,MLSUPPORTED,MLINUSE,HANDLECOLUMNNAME,MAXATTRIBUTEID,RESTRICTED,LOCALIZABLE,TEXTDIRECTION,COMPLEXEXPRESSION,EXTENDED) values ('FBILOGGER','REEXPORTED','REEXPORTED',null,11,0,null,'REEXPORTED',null,'YESORNO',0,'FBILOGGER',0,0,0,1,'ALN',0,0,1,null,'Reexported',null,null,0,'Re-Exported?',1,'N','NONE',0,0,null,MAXATTRIBUTECFGSEQ.nextval,0,1,null,null,0);
Insert into MAXATTRIBUTECFG (OBJECTNAME,ATTRIBUTENAME,ALIAS,AUTOKEYNAME,ATTRIBUTENO,CANAUTONUM,CLASSNAME,COLUMNNAME,DEFAULTVALUE,DOMAINID,EAUDITENABLED,ENTITYNAME,ESIGENABLED,ISLDOWNER,ISPOSITIVE,LENGTH,MAXTYPE,MUSTBE,REQUIRED,PERSISTENT,PRIMARYKEYCOLSEQ,REMARKS,SAMEASATTRIBUTE,SAMEASOBJECT,SCALE,TITLE,USERDEFINED,CHANGED,SEARCHTYPE,MLSUPPORTED,MLINUSE,HANDLECOLUMNNAME,MAXATTRIBUTEID,RESTRICTED,LOCALIZABLE,TEXTDIRECTION,COMPLEXEXPRESSION,EXTENDED) values ('FBILOGGER','REEXPORTEDBY','REEXPORTEDBY',null,12,0,null,'REEXPORTEDBY',null,null,0,'FBILOGGER',0,0,0,31,'UPPER',0,0,1,null,'Re-Exported By','PERSONID','PERSON',0,'Re-Exported By',1,'N','NONE',0,0,null,MAXATTRIBUTECFGSEQ.nextval,0,1,null,null,0);
Insert into MAXATTRIBUTECFG (OBJECTNAME,ATTRIBUTENAME,ALIAS,AUTOKEYNAME,ATTRIBUTENO,CANAUTONUM,CLASSNAME,COLUMNNAME,DEFAULTVALUE,DOMAINID,EAUDITENABLED,ENTITYNAME,ESIGENABLED,ISLDOWNER,ISPOSITIVE,LENGTH,MAXTYPE,MUSTBE,REQUIRED,PERSISTENT,PRIMARYKEYCOLSEQ,REMARKS,SAMEASATTRIBUTE,SAMEASOBJECT,SCALE,TITLE,USERDEFINED,CHANGED,SEARCHTYPE,MLSUPPORTED,MLINUSE,HANDLECOLUMNNAME,MAXATTRIBUTEID,RESTRICTED,LOCALIZABLE,TEXTDIRECTION,COMPLEXEXPRESSION,EXTENDED) values ('FBILOGGER','REEXPORTEDDATE','REEXPORTEDDATE',null,13,0,null,'REEXPORTEDDATE',null,null,0,'FBILOGGER',0,0,0,10,'DATETIME',0,0,1,null,'Re-Export Date',null,null,0,'Re-Export Date',1,'N','EXACT',0,0,null,MAXATTRIBUTECFGSEQ.nextval,0,0,null,null,0);
Insert into MAXATTRIBUTECFG (OBJECTNAME,ATTRIBUTENAME,ALIAS,AUTOKEYNAME,ATTRIBUTENO,CANAUTONUM,CLASSNAME,COLUMNNAME,DEFAULTVALUE,DOMAINID,EAUDITENABLED,ENTITYNAME,ESIGENABLED,ISLDOWNER,ISPOSITIVE,LENGTH,MAXTYPE,MUSTBE,REQUIRED,PERSISTENT,PRIMARYKEYCOLSEQ,REMARKS,SAMEASATTRIBUTE,SAMEASOBJECT,SCALE,TITLE,USERDEFINED,CHANGED,SEARCHTYPE,MLSUPPORTED,MLINUSE,HANDLECOLUMNNAME,MAXATTRIBUTEID,RESTRICTED,LOCALIZABLE,TEXTDIRECTION,COMPLEXEXPRESSION,EXTENDED) values ('FBILOGGER','REEXPORTEDJUST','REEXPORTEDJUST',null,14,0,null,'REEXPORTEDJUST',null,null,0,'FBILOGGER',0,0,0,1000,'ALN',0,0,1,null,'Justification',null,null,0,'Justification',1,'N','NONE',0,0,null,MAXATTRIBUTECFGSEQ.nextval,0,1,null,null,0);
Insert into MAXATTRIBUTECFG (OBJECTNAME,ATTRIBUTENAME,ALIAS,AUTOKEYNAME,ATTRIBUTENO,CANAUTONUM,CLASSNAME,COLUMNNAME,DEFAULTVALUE,DOMAINID,EAUDITENABLED,ENTITYNAME,ESIGENABLED,ISLDOWNER,ISPOSITIVE,LENGTH,MAXTYPE,MUSTBE,REQUIRED,PERSISTENT,PRIMARYKEYCOLSEQ,REMARKS,SAMEASATTRIBUTE,SAMEASOBJECT,SCALE,TITLE,USERDEFINED,CHANGED,SEARCHTYPE,MLSUPPORTED,MLINUSE,HANDLECOLUMNNAME,MAXATTRIBUTEID,RESTRICTED,LOCALIZABLE,TEXTDIRECTION,COMPLEXEXPRESSION,EXTENDED) values ('FBILOGGER','ORGID','ORGID',null,15,0,'psdi.app.site.FldOrganizationID','ORGID',null,null,0,'FBILOGGER',0,0,0,8,'UPPER',0,0,1,null,'Organization','ORGID','ORGANIZATION',0,'Organization',1,'N','WILDCARD',0,0,null,MAXATTRIBUTECFGSEQ.nextval,0,0,null,null,0);
Insert into MAXATTRIBUTECFG (OBJECTNAME,ATTRIBUTENAME,ALIAS,AUTOKEYNAME,ATTRIBUTENO,CANAUTONUM,CLASSNAME,COLUMNNAME,DEFAULTVALUE,DOMAINID,EAUDITENABLED,ENTITYNAME,ESIGENABLED,ISLDOWNER,ISPOSITIVE,LENGTH,MAXTYPE,MUSTBE,REQUIRED,PERSISTENT,PRIMARYKEYCOLSEQ,REMARKS,SAMEASATTRIBUTE,SAMEASOBJECT,SCALE,TITLE,USERDEFINED,CHANGED,SEARCHTYPE,MLSUPPORTED,MLINUSE,HANDLECOLUMNNAME,MAXATTRIBUTEID,RESTRICTED,LOCALIZABLE,TEXTDIRECTION,COMPLEXEXPRESSION,EXTENDED) values ('FBILOGGERFILE','CRONTASKNAME','CRONTASKNAME',null,1,0,null,'CRONTASKNAME',null,null,0,'FBILOGGERFILE',0,0,0,30,'ALN',0,0,1,null,'Crontaskname','CRONTASKNAME','CRONTASKDEF',0,'Crontaskname',1,'N','WILDCARD',0,0,null,MAXATTRIBUTECFGSEQ.nextval,0,1,null,null,0);
Insert into MAXATTRIBUTECFG (OBJECTNAME,ATTRIBUTENAME,ALIAS,AUTOKEYNAME,ATTRIBUTENO,CANAUTONUM,CLASSNAME,COLUMNNAME,DEFAULTVALUE,DOMAINID,EAUDITENABLED,ENTITYNAME,ESIGENABLED,ISLDOWNER,ISPOSITIVE,LENGTH,MAXTYPE,MUSTBE,REQUIRED,PERSISTENT,PRIMARYKEYCOLSEQ,REMARKS,SAMEASATTRIBUTE,SAMEASOBJECT,SCALE,TITLE,USERDEFINED,CHANGED,SEARCHTYPE,MLSUPPORTED,MLINUSE,HANDLECOLUMNNAME,MAXATTRIBUTEID,RESTRICTED,LOCALIZABLE,TEXTDIRECTION,COMPLEXEXPRESSION,EXTENDED) values ('FBILOGGERFILE','ERRORMSG','ERRORMSG',null,2,0,null,'ERRORMSG',null,null,0,'FBILOGGERFILE',0,0,0,4000,'ALN',0,0,1,null,'Error',null,null,0,'Error',1,'N','WILDCARD',0,0,null,MAXATTRIBUTECFGSEQ.nextval,0,1,null,null,0);
Insert into MAXATTRIBUTECFG (OBJECTNAME,ATTRIBUTENAME,ALIAS,AUTOKEYNAME,ATTRIBUTENO,CANAUTONUM,CLASSNAME,COLUMNNAME,DEFAULTVALUE,DOMAINID,EAUDITENABLED,ENTITYNAME,ESIGENABLED,ISLDOWNER,ISPOSITIVE,LENGTH,MAXTYPE,MUSTBE,REQUIRED,PERSISTENT,PRIMARYKEYCOLSEQ,REMARKS,SAMEASATTRIBUTE,SAMEASOBJECT,SCALE,TITLE,USERDEFINED,CHANGED,SEARCHTYPE,MLSUPPORTED,MLINUSE,HANDLECOLUMNNAME,MAXATTRIBUTEID,RESTRICTED,LOCALIZABLE,TEXTDIRECTION,COMPLEXEXPRESSION,EXTENDED) values ('FBILOGGERFILE','EXPORTDATE','EXPORTDATE',null,3,0,null,'EXPORTDATE',null,null,0,'FBILOGGERFILE',0,0,0,10,'DATETIME',0,0,1,null,'Export date',null,null,0,'Export date',1,'N','EXACT',0,0,null,MAXATTRIBUTECFGSEQ.nextval,0,0,null,null,0);
Insert into MAXATTRIBUTECFG (OBJECTNAME,ATTRIBUTENAME,ALIAS,AUTOKEYNAME,ATTRIBUTENO,CANAUTONUM,CLASSNAME,COLUMNNAME,DEFAULTVALUE,DOMAINID,EAUDITENABLED,ENTITYNAME,ESIGENABLED,ISLDOWNER,ISPOSITIVE,LENGTH,MAXTYPE,MUSTBE,REQUIRED,PERSISTENT,PRIMARYKEYCOLSEQ,REMARKS,SAMEASATTRIBUTE,SAMEASOBJECT,SCALE,TITLE,USERDEFINED,CHANGED,SEARCHTYPE,MLSUPPORTED,MLINUSE,HANDLECOLUMNNAME,MAXATTRIBUTEID,RESTRICTED,LOCALIZABLE,TEXTDIRECTION,COMPLEXEXPRESSION,EXTENDED) values ('FBILOGGERFILE','FBILOGGERFILEID','FBILOGGERFILEID',null,4,0,null,'FBILOGGERFILEID',null,null,0,'FBILOGGERFILE',0,0,0,19,'BIGINT',0,1,1,null,'Fbiloggerfileid',null,null,0,'Fbiloggerfileid',1,'N','EXACT',0,0,null,MAXATTRIBUTECFGSEQ.nextval,0,0,null,null,0);
Insert into MAXATTRIBUTECFG (OBJECTNAME,ATTRIBUTENAME,ALIAS,AUTOKEYNAME,ATTRIBUTENO,CANAUTONUM,CLASSNAME,COLUMNNAME,DEFAULTVALUE,DOMAINID,EAUDITENABLED,ENTITYNAME,ESIGENABLED,ISLDOWNER,ISPOSITIVE,LENGTH,MAXTYPE,MUSTBE,REQUIRED,PERSISTENT,PRIMARYKEYCOLSEQ,REMARKS,SAMEASATTRIBUTE,SAMEASOBJECT,SCALE,TITLE,USERDEFINED,CHANGED,SEARCHTYPE,MLSUPPORTED,MLINUSE,HANDLECOLUMNNAME,MAXATTRIBUTEID,RESTRICTED,LOCALIZABLE,TEXTDIRECTION,COMPLEXEXPRESSION,EXTENDED) values ('FBILOGGERFILE','FILEDATA','FILEDATA',null,5,0,null,'FILEDATA',null,null,0,'FBILOGGERFILE',0,0,0,999999,'BLOB',0,0,1,null,'Data',null,null,0,'Data',1,'N','NONE',0,0,null,MAXATTRIBUTECFGSEQ.nextval,0,0,null,null,0);
Insert into MAXATTRIBUTECFG (OBJECTNAME,ATTRIBUTENAME,ALIAS,AUTOKEYNAME,ATTRIBUTENO,CANAUTONUM,CLASSNAME,COLUMNNAME,DEFAULTVALUE,DOMAINID,EAUDITENABLED,ENTITYNAME,ESIGENABLED,ISLDOWNER,ISPOSITIVE,LENGTH,MAXTYPE,MUSTBE,REQUIRED,PERSISTENT,PRIMARYKEYCOLSEQ,REMARKS,SAMEASATTRIBUTE,SAMEASOBJECT,SCALE,TITLE,USERDEFINED,CHANGED,SEARCHTYPE,MLSUPPORTED,MLINUSE,HANDLECOLUMNNAME,MAXATTRIBUTEID,RESTRICTED,LOCALIZABLE,TEXTDIRECTION,COMPLEXEXPRESSION,EXTENDED) values ('FBILOGGERFILE','FILENAME','FILENAME',null,6,0,null,'FILENAME',null,null,0,'FBILOGGERFILE',0,0,0,500,'ALN',0,0,1,null,'Filename',null,null,0,'Filename',1,'N','WILDCARD',0,0,null,MAXATTRIBUTECFGSEQ.nextval,0,1,null,null,0);
Insert into MAXATTRIBUTECFG (OBJECTNAME,ATTRIBUTENAME,ALIAS,AUTOKEYNAME,ATTRIBUTENO,CANAUTONUM,CLASSNAME,COLUMNNAME,DEFAULTVALUE,DOMAINID,EAUDITENABLED,ENTITYNAME,ESIGENABLED,ISLDOWNER,ISPOSITIVE,LENGTH,MAXTYPE,MUSTBE,REQUIRED,PERSISTENT,PRIMARYKEYCOLSEQ,REMARKS,SAMEASATTRIBUTE,SAMEASOBJECT,SCALE,TITLE,USERDEFINED,CHANGED,SEARCHTYPE,MLSUPPORTED,MLINUSE,HANDLECOLUMNNAME,MAXATTRIBUTEID,RESTRICTED,LOCALIZABLE,TEXTDIRECTION,COMPLEXEXPRESSION,EXTENDED) values ('FBILOGGERFILE','FILETYPE','FILETYPE',null,7,0,null,'FILETYPE',null,null,0,'FBILOGGERFILE',0,0,0,50,'UPPER',0,0,1,null,'Filetype',null,null,0,'Filetype',1,'N','WILDCARD',0,0,null,MAXATTRIBUTECFGSEQ.nextval,0,1,null,null,0);
Insert into MAXATTRIBUTECFG (OBJECTNAME,ATTRIBUTENAME,ALIAS,AUTOKEYNAME,ATTRIBUTENO,CANAUTONUM,CLASSNAME,COLUMNNAME,DEFAULTVALUE,DOMAINID,EAUDITENABLED,ENTITYNAME,ESIGENABLED,ISLDOWNER,ISPOSITIVE,LENGTH,MAXTYPE,MUSTBE,REQUIRED,PERSISTENT,PRIMARYKEYCOLSEQ,REMARKS,SAMEASATTRIBUTE,SAMEASOBJECT,SCALE,TITLE,USERDEFINED,CHANGED,SEARCHTYPE,MLSUPPORTED,MLINUSE,HANDLECOLUMNNAME,MAXATTRIBUTEID,RESTRICTED,LOCALIZABLE,TEXTDIRECTION,COMPLEXEXPRESSION,EXTENDED) values ('FBILOGGERFILE','HASLD','HASLD',null,8,0,null,'HASLD','0',null,0,'FBILOGGERFILE',0,0,0,1,'YORN',0,1,1,null,'Hasld',null,null,0,'Hasld',1,'N','NONE',0,0,null,MAXATTRIBUTECFGSEQ.nextval,0,0,null,null,0);
Insert into MAXATTRIBUTECFG (OBJECTNAME,ATTRIBUTENAME,ALIAS,AUTOKEYNAME,ATTRIBUTENO,CANAUTONUM,CLASSNAME,COLUMNNAME,DEFAULTVALUE,DOMAINID,EAUDITENABLED,ENTITYNAME,ESIGENABLED,ISLDOWNER,ISPOSITIVE,LENGTH,MAXTYPE,MUSTBE,REQUIRED,PERSISTENT,PRIMARYKEYCOLSEQ,REMARKS,SAMEASATTRIBUTE,SAMEASOBJECT,SCALE,TITLE,USERDEFINED,CHANGED,SEARCHTYPE,MLSUPPORTED,MLINUSE,HANDLECOLUMNNAME,MAXATTRIBUTEID,RESTRICTED,LOCALIZABLE,TEXTDIRECTION,COMPLEXEXPRESSION,EXTENDED) values ('FBILOGGERFILE','INSTANCENAME','INSTANCENAME',null,9,0,null,'INSTANCENAME',null,null,0,'FBILOGGERFILE',0,0,0,30,'ALN',0,0,1,null,'Instancename',null,null,0,'Instancename',1,'N','WILDCARD',0,0,null,MAXATTRIBUTECFGSEQ.nextval,0,1,null,null,0);
Insert into MAXATTRIBUTECFG (OBJECTNAME,ATTRIBUTENAME,ALIAS,AUTOKEYNAME,ATTRIBUTENO,CANAUTONUM,CLASSNAME,COLUMNNAME,DEFAULTVALUE,DOMAINID,EAUDITENABLED,ENTITYNAME,ESIGENABLED,ISLDOWNER,ISPOSITIVE,LENGTH,MAXTYPE,MUSTBE,REQUIRED,PERSISTENT,PRIMARYKEYCOLSEQ,REMARKS,SAMEASATTRIBUTE,SAMEASOBJECT,SCALE,TITLE,USERDEFINED,CHANGED,SEARCHTYPE,MLSUPPORTED,MLINUSE,HANDLECOLUMNNAME,MAXATTRIBUTEID,RESTRICTED,LOCALIZABLE,TEXTDIRECTION,COMPLEXEXPRESSION,EXTENDED) values ('FBILOGGERFILE','NPFILEDATA','NPFILEDATA',null,10,0,'custom.iface.fbi.FldFBILoggerFileNpFileData',null,null,null,0,null,0,0,0,999999,'CLOB',0,0,0,null,'Data',null,null,0,'Data',1,'N','NONE',0,0,null,MAXATTRIBUTECFGSEQ.nextval,0,0,null,null,0);
Insert into MAXATTRIBUTECFG (OBJECTNAME,ATTRIBUTENAME,ALIAS,AUTOKEYNAME,ATTRIBUTENO,CANAUTONUM,CLASSNAME,COLUMNNAME,DEFAULTVALUE,DOMAINID,EAUDITENABLED,ENTITYNAME,ESIGENABLED,ISLDOWNER,ISPOSITIVE,LENGTH,MAXTYPE,MUSTBE,REQUIRED,PERSISTENT,PRIMARYKEYCOLSEQ,REMARKS,SAMEASATTRIBUTE,SAMEASOBJECT,SCALE,TITLE,USERDEFINED,CHANGED,SEARCHTYPE,MLSUPPORTED,MLINUSE,HANDLECOLUMNNAME,MAXATTRIBUTEID,RESTRICTED,LOCALIZABLE,TEXTDIRECTION,COMPLEXEXPRESSION,EXTENDED) values ('FBILOGGERMAIN','VIEWKEY','VIEWKEY',null,1,0,null,'VIEWKEY',null,null,0,'FBILOGGERMAIN',0,0,0,19,'BIGINT',0,0,1,null,'View key',null,null,0,'View key',1,'I','EXACT',0,0,null,MAXATTRIBUTECFGSEQ.nextval,0,0,null,null,0);
Insert into MAXATTRIBUTECFG (OBJECTNAME,ATTRIBUTENAME,ALIAS,AUTOKEYNAME,ATTRIBUTENO,CANAUTONUM,CLASSNAME,COLUMNNAME,DEFAULTVALUE,DOMAINID,EAUDITENABLED,ENTITYNAME,ESIGENABLED,ISLDOWNER,ISPOSITIVE,LENGTH,MAXTYPE,MUSTBE,REQUIRED,PERSISTENT,PRIMARYKEYCOLSEQ,REMARKS,SAMEASATTRIBUTE,SAMEASOBJECT,SCALE,TITLE,USERDEFINED,CHANGED,SEARCHTYPE,MLSUPPORTED,MLINUSE,HANDLECOLUMNNAME,MAXATTRIBUTEID,RESTRICTED,LOCALIZABLE,TEXTDIRECTION,COMPLEXEXPRESSION,EXTENDED) values ('FBILOGGERMAIN','CRONTASKNAME','CRONTASKNAME',null,2,0,null,'CRONTASKNAME',null,null,0,'FBILOGGERMAIN',0,0,0,30,'ALN',0,0,1,null,'Crontask name',null,null,0,'Crontask name',1,'I','WILDCARD',0,0,null,MAXATTRIBUTECFGSEQ.nextval,0,0,null,null,0);
Insert into MAXATTRIBUTECFG (OBJECTNAME,ATTRIBUTENAME,ALIAS,AUTOKEYNAME,ATTRIBUTENO,CANAUTONUM,CLASSNAME,COLUMNNAME,DEFAULTVALUE,DOMAINID,EAUDITENABLED,ENTITYNAME,ESIGENABLED,ISLDOWNER,ISPOSITIVE,LENGTH,MAXTYPE,MUSTBE,REQUIRED,PERSISTENT,PRIMARYKEYCOLSEQ,REMARKS,SAMEASATTRIBUTE,SAMEASOBJECT,SCALE,TITLE,USERDEFINED,CHANGED,SEARCHTYPE,MLSUPPORTED,MLINUSE,HANDLECOLUMNNAME,MAXATTRIBUTEID,RESTRICTED,LOCALIZABLE,TEXTDIRECTION,COMPLEXEXPRESSION,EXTENDED) values ('FBILOGGERMAIN','INSTANCENAME','INSTANCENAME',null,3,0,null,'INSTANCENAME',null,null,0,'FBILOGGERMAIN',0,0,0,30,'ALN',0,0,1,null,'Instance name',null,null,0,'Instance name',1,'I','WILDCARD',0,0,null,MAXATTRIBUTECFGSEQ.nextval,0,1,null,null,0);
Insert into MAXATTRIBUTECFG (OBJECTNAME,ATTRIBUTENAME,ALIAS,AUTOKEYNAME,ATTRIBUTENO,CANAUTONUM,CLASSNAME,COLUMNNAME,DEFAULTVALUE,DOMAINID,EAUDITENABLED,ENTITYNAME,ESIGENABLED,ISLDOWNER,ISPOSITIVE,LENGTH,MAXTYPE,MUSTBE,REQUIRED,PERSISTENT,PRIMARYKEYCOLSEQ,REMARKS,SAMEASATTRIBUTE,SAMEASOBJECT,SCALE,TITLE,USERDEFINED,CHANGED,SEARCHTYPE,MLSUPPORTED,MLINUSE,HANDLECOLUMNNAME,MAXATTRIBUTEID,RESTRICTED,LOCALIZABLE,TEXTDIRECTION,COMPLEXEXPRESSION,EXTENDED) values ('FBILOGGERMAIN','OWNERTABLE','OWNERTABLE',null,4,0,null,'OWNERTABLE',null,null,0,'FBILOGGERMAIN',0,0,0,30,'UPPER',0,0,1,null,'Owner table',null,null,0,'Owner table',1,'I','WILDCARD',0,0,null,MAXATTRIBUTECFGSEQ.nextval,0,1,null,null,0);
Insert into MAXATTRIBUTECFG (OBJECTNAME,ATTRIBUTENAME,ALIAS,AUTOKEYNAME,ATTRIBUTENO,CANAUTONUM,CLASSNAME,COLUMNNAME,DEFAULTVALUE,DOMAINID,EAUDITENABLED,ENTITYNAME,ESIGENABLED,ISLDOWNER,ISPOSITIVE,LENGTH,MAXTYPE,MUSTBE,REQUIRED,PERSISTENT,PRIMARYKEYCOLSEQ,REMARKS,SAMEASATTRIBUTE,SAMEASOBJECT,SCALE,TITLE,USERDEFINED,CHANGED,SEARCHTYPE,MLSUPPORTED,MLINUSE,HANDLECOLUMNNAME,MAXATTRIBUTEID,RESTRICTED,LOCALIZABLE,TEXTDIRECTION,COMPLEXEXPRESSION,EXTENDED) values ('FBILOGGERMAIN','OWNERID','OWNERID',null,5,0,'custom.iface.fbi.FldFBILoggerMainOwnerId','OWNERID',null,null,0,'FBILOGGERMAIN',0,0,0,19,'BIGINT',0,0,1,null,'Owner id',null,null,0,'Owner id',1,'I','EXACT',0,0,null,MAXATTRIBUTECFGSEQ.nextval,0,0,null,null,0);
Insert into MAXATTRIBUTECFG (OBJECTNAME,ATTRIBUTENAME,ALIAS,AUTOKEYNAME,ATTRIBUTENO,CANAUTONUM,CLASSNAME,COLUMNNAME,DEFAULTVALUE,DOMAINID,EAUDITENABLED,ENTITYNAME,ESIGENABLED,ISLDOWNER,ISPOSITIVE,LENGTH,MAXTYPE,MUSTBE,REQUIRED,PERSISTENT,PRIMARYKEYCOLSEQ,REMARKS,SAMEASATTRIBUTE,SAMEASOBJECT,SCALE,TITLE,USERDEFINED,CHANGED,SEARCHTYPE,MLSUPPORTED,MLINUSE,HANDLECOLUMNNAME,MAXATTRIBUTEID,RESTRICTED,LOCALIZABLE,TEXTDIRECTION,COMPLEXEXPRESSION,EXTENDED) values ('FBILOGGERMAIN','MBONUM','MBONUM',null,6,0,null,'MBONUM',null,null,0,'FBILOGGERMAIN',0,0,0,500,'ALN',0,0,1,null,'Mbo#',null,null,0,'Mbo#',1,'I','WILDCARD',0,0,null,MAXATTRIBUTECFGSEQ.nextval,0,0,null,null,0);
Insert into MAXATTRIBUTECFG (OBJECTNAME,ATTRIBUTENAME,ALIAS,AUTOKEYNAME,ATTRIBUTENO,CANAUTONUM,CLASSNAME,COLUMNNAME,DEFAULTVALUE,DOMAINID,EAUDITENABLED,ENTITYNAME,ESIGENABLED,ISLDOWNER,ISPOSITIVE,LENGTH,MAXTYPE,MUSTBE,REQUIRED,PERSISTENT,PRIMARYKEYCOLSEQ,REMARKS,SAMEASATTRIBUTE,SAMEASOBJECT,SCALE,TITLE,USERDEFINED,CHANGED,SEARCHTYPE,MLSUPPORTED,MLINUSE,HANDLECOLUMNNAME,MAXATTRIBUTEID,RESTRICTED,LOCALIZABLE,TEXTDIRECTION,COMPLEXEXPRESSION,EXTENDED) values ('FBILOGGERMAIN','REEXPORTEDJUST','REEXPORTEDJUST',null,7,0,null,null,null,null,0,null,0,0,0,1000,'ALN',0,0,0,null,'Justification','REEXPORTEDJUST','FBILOGGER',0,'Justification',1,'I','WILDCARD',0,0,null,MAXATTRIBUTECFGSEQ.nextval,0,0,null,null,0);
Insert into MAXATTRIBUTECFG (OBJECTNAME,ATTRIBUTENAME,ALIAS,AUTOKEYNAME,ATTRIBUTENO,CANAUTONUM,CLASSNAME,COLUMNNAME,DEFAULTVALUE,DOMAINID,EAUDITENABLED,ENTITYNAME,ESIGENABLED,ISLDOWNER,ISPOSITIVE,LENGTH,MAXTYPE,MUSTBE,REQUIRED,PERSISTENT,PRIMARYKEYCOLSEQ,REMARKS,SAMEASATTRIBUTE,SAMEASOBJECT,SCALE,TITLE,USERDEFINED,CHANGED,SEARCHTYPE,MLSUPPORTED,MLINUSE,HANDLECOLUMNNAME,MAXATTRIBUTEID,RESTRICTED,LOCALIZABLE,TEXTDIRECTION,COMPLEXEXPRESSION,EXTENDED) values ('FBILOGGERMAIN','EXPORTDATE','EXPORTDATE',null,8,0,null,'EXPORTDATE',null,null,0,'FBILOGGERMAIN',0,0,0,10,'DATETIME',0,0,1,null,'Export date',null,null,0,'Export date',1,'I','EXACT',0,0,null,MAXATTRIBUTECFGSEQ.nextval,0,0,null,null,0);
Insert into MAXATTRIBUTECFG (OBJECTNAME,ATTRIBUTENAME,ALIAS,AUTOKEYNAME,ATTRIBUTENO,CANAUTONUM,CLASSNAME,COLUMNNAME,DEFAULTVALUE,DOMAINID,EAUDITENABLED,ENTITYNAME,ESIGENABLED,ISLDOWNER,ISPOSITIVE,LENGTH,MAXTYPE,MUSTBE,REQUIRED,PERSISTENT,PRIMARYKEYCOLSEQ,REMARKS,SAMEASATTRIBUTE,SAMEASOBJECT,SCALE,TITLE,USERDEFINED,CHANGED,SEARCHTYPE,MLSUPPORTED,MLINUSE,HANDLECOLUMNNAME,MAXATTRIBUTEID,RESTRICTED,LOCALIZABLE,TEXTDIRECTION,COMPLEXEXPRESSION,EXTENDED) values ('FBILOGGERMAIN','ORGID','ORGID',null,9,0,'psdi.app.site.FldOrganizationID','ORGID',null,null,0,'FBILOGGERMAIN',0,0,0,8,'UPPER',0,0,1,null,'Organization','ORGID','ORGANIZATION',0,'Organization',1,'I','WILDCARD',0,0,null,MAXATTRIBUTECFGSEQ.nextval,0,0,null,null,0);



--MAXRELATIONSHIP
Insert into MAXRELATIONSHIP (NAME,PARENT,CHILD,WHERECLAUSE,REMARKS,MAXRELATIONSHIPID,CARDINALITY,DBJOINREQUIRED) values ('FBILOGGER','FBILOGGERMAIN','FBILOGGER','CRONTASKNAME=:CRONTASKNAME and INSTANCENAME=:INSTANCENAME and OWNERTABLE=:OWNERTABLE and FILEEXPORTED=''Y'' and NVL(OWNERID,0)=NVL(:OWNERID,0) and NVL(MBONUM,''XYZ'')=NVL(:MBONUM,''XYZ'')',null,MAXRELATIONSHIPSEQ.nextval,null,0);
Insert into MAXRELATIONSHIP (NAME,PARENT,CHILD,WHERECLAUSE,REMARKS,MAXRELATIONSHIPID,CARDINALITY,DBJOINREQUIRED) 
values ('FBILOGGERHIST','FBILOGGERMAIN','FBILOGGER','CRONTASKNAME=:CRONTASKNAME and INSTANCENAME=:INSTANCENAME and OWNERTABLE=:OWNERTABLE and FILEEXPORTED!=''Y'' and NVL(OWNERID,0)=NVL(:OWNERID,0) and NVL(MBONUM,''XYZ'')=NVL(:MBONUM,''XYZ'')',null,MAXRELATIONSHIPSEQ.nextval,null,0);
Insert into MAXRELATIONSHIP (NAME,PARENT,CHILD,WHERECLAUSE,REMARKS,MAXRELATIONSHIPID,CARDINALITY,DBJOINREQUIRED) values ('CRONINSTANCE','FBILOGGERMAIN','CRONTASKINSTANCE','CRONTASKNAME=:CRONTASKNAME and INSTANCENAME=:INSTANCENAME',null,MAXRELATIONSHIPSEQ.nextval,null,0);
Insert into MAXRELATIONSHIP (NAME,PARENT,CHILD,WHERECLAUSE,REMARKS,MAXRELATIONSHIPID,CARDINALITY,DBJOINREQUIRED) values ('FBIPARAMETER1','CRONTASKINSTANCE','CRONTASKPARAM','crontaskname=:crontaskname and instancename=:instancename and PARAMETER=''OUTPUT_MAIN_FOLDER''','OUTPUT_MAIN_FOLDER',MAXRELATIONSHIPSEQ.nextval,null,0);
Insert into MAXRELATIONSHIP (NAME,PARENT,CHILD,WHERECLAUSE,REMARKS,MAXRELATIONSHIPID,CARDINALITY,DBJOINREQUIRED) values ('FBIPARAMETER2','CRONTASKINSTANCE','CRONTASKPARAM','crontaskname=:crontaskname and instancename=:instancename and PARAMETER=''WHERECLAUSE''','WHERECLAUSE',MAXRELATIONSHIPSEQ.nextval,null,0);
Insert into MAXRELATIONSHIP (NAME,PARENT,CHILD,WHERECLAUSE,REMARKS,MAXRELATIONSHIPID,CARDINALITY,DBJOINREQUIRED) values ('FBIEXPORTFLAG','FBILOGGER','ALNDOMAIN','DOMAINID=''FBIEXPORTFLAG'' AND VALUE=:FILEEXPORTED',null,MAXRELATIONSHIPSEQ.nextval,null,0);

--MAXMESSAGES
Insert into MAXMESSAGES (MSGKEY,MSGGROUP,VALUE,TITLE,DISPLAYMETHOD,OPTIONS,BUTTONTEXT,MSGID,EXPLANATION,ADMINRESPONSE,OPERATORRESPONSE,SYSTEMACTION,PREFIX,MAXMESSAGESID) values ('noJustification','fbilogger','Please provide justification for re-export',null,'MSGBOX',2,null,(select 'BMXZZ'|| lpad(to_char(max(to_number(substr( substr(msgid,0,(length(msgid)-1)),6)))+1),4,'0')||'E' msgid from MAXMESSAGES where msgid like '%BMXZZ%'),null,null,null,null,1,MAXMESSAGESSEQ.NEXTVAL);




-- MAXAPPS
Insert into MAXAPPS (APP,DESCRIPTION,APPTYPE,RESTRICTIONS,ORDERBY,ORIGINALAPP,CUSTAPPTYPE,MAINTBNAME,MAXAPPSID,FORMFACTOR,REFRESHDATA,ISMOBILE,LOCKENABLED,HASLD,LANGCODE) values ('FBILOGGER','File Based Integration Log','RUN',null,null,'CUSTAPP',null,'FBILOGGERMAIN',MAXAPPSSEQ.NEXTVAL,null,null,0,0,0,'EN');

-- MAXPRESENTATION
Insert into MAXPRESENTATION (APP,PRESENTATION,MAXPRESENTATIONID) values ('FBILOGGER','<PLACEHOLDER/>',MAXPRESENTATIONSEQ.NEXTVAL);

-- MAXMENU
Insert into MAXMENU (MENUTYPE,MODULEAPP,POSITION,SUBPOSITION,ELEMENTTYPE,KEYVALUE,HEADERDESCRIPTION,URL,VISIBLE,IMAGE,ACCESSKEY,TABDISPLAY,MAXMENUID) 
values ('MODULE','UTIL',(select POSITION from maxmenu where MENUTYPE='MODULE' and MODULEAPP='UTIL' and ELEMENTTYPE='APP' and KEYVALUE='LOGGING'),(select SUBPOSITION+1 from maxmenu where MENUTYPE='MODULE' and MODULEAPP='UTIL' and ELEMENTTYPE='APP' and KEYVALUE='LOGGING'),'APP','FBILOGGER',null,null,1,'appimg_logs.gif',null,null,MAXMENUSEQ.nextval);
Insert into MAXMENU (MENUTYPE,MODULEAPP,POSITION,SUBPOSITION,ELEMENTTYPE,KEYVALUE,HEADERDESCRIPTION,URL,VISIBLE,IMAGE,ACCESSKEY,TABDISPLAY,MAXMENUID) values ('APPTOOL','FBILOGGER',2,2,'OPTION','NEXT',null,null,1,'nav_icon_next.gif','CTRL+ALT+N','MAIN',MAXMENUSEQ.nextval);
Insert into MAXMENU (MENUTYPE,MODULEAPP,POSITION,SUBPOSITION,ELEMENTTYPE,KEYVALUE,HEADERDESCRIPTION,URL,VISIBLE,IMAGE,ACCESSKEY,TABDISPLAY,MAXMENUID) values ('APPTOOL','FBILOGGER',2,1,'OPTION','PREVIOUS',null,null,1,'nav_icon_previous.gif','CTRL+ALT+P','MAIN',MAXMENUSEQ.nextval);



--SIGOPTION

Insert into SIGOPTION (APP,OPTIONNAME,DESCRIPTION,ESIGENABLED,VISIBLE,ALSOGRANTS,ALSOREVOKES,PREREQUISITE,SIGOPTIONID,LANGCODE,HASLD) values ('FBILOGGER','BMXVIEWMANAGEWHER','Sigoption to control the visibility of the Detail section in View/Manage Queries dialog',0,1,null,null,null,SIGOPTIONSEQ.nextval,'EN',0);
Insert into SIGOPTION (APP,OPTIONNAME,DESCRIPTION,ESIGENABLED,VISIBLE,ALSOGRANTS,ALSOREVOKES,PREREQUISITE,SIGOPTIONID,LANGCODE,HASLD) values ('FBILOGGER','BMXVIEWMANAGEWHERRO','Sigoption to control the editability of the Clause field in View/Manage Queries dialog',0,1,null,null,null,SIGOPTIONSEQ.nextval,'EN',0);
Insert into SIGOPTION (APP,OPTIONNAME,DESCRIPTION,ESIGENABLED,VISIBLE,ALSOGRANTS,ALSOREVOKES,PREREQUISITE,SIGOPTIONID,LANGCODE,HASLD) values ('FBILOGGER','BOOKMARK','Add to Bookmarks',0,0,null,null,null,SIGOPTIONSEQ.nextval,'EN',0);
Insert into SIGOPTION (APP,OPTIONNAME,DESCRIPTION,ESIGENABLED,VISIBLE,ALSOGRANTS,ALSOREVOKES,PREREQUISITE,SIGOPTIONID,LANGCODE,HASLD) values ('FBILOGGER','CLEAR','Clear Changes',0,0,null,null,null,SIGOPTIONSEQ.nextval,'EN',0);
Insert into SIGOPTION (APP,OPTIONNAME,DESCRIPTION,ESIGENABLED,VISIBLE,ALSOGRANTS,ALSOREVOKES,PREREQUISITE,SIGOPTIONID,LANGCODE,HASLD) values ('FBILOGGER','DELETE','Delete Record',0,1,null,null,'SAVE',SIGOPTIONSEQ.nextval,'EN',0);
Insert into SIGOPTION (APP,OPTIONNAME,DESCRIPTION,ESIGENABLED,VISIBLE,ALSOGRANTS,ALSOREVOKES,PREREQUISITE,SIGOPTIONID,LANGCODE,HASLD) values ('FBILOGGER','DUPLICATE','Duplicate Record',0,1,null,null,'INSERT',SIGOPTIONSEQ.nextval,'EN',0);
Insert into SIGOPTION (APP,OPTIONNAME,DESCRIPTION,ESIGENABLED,VISIBLE,ALSOGRANTS,ALSOREVOKES,PREREQUISITE,SIGOPTIONID,LANGCODE,HASLD) values ('FBILOGGER','FIELDDEFS','Set Field Defaults',0,0,null,null,'SAVE',SIGOPTIONSEQ.nextval,'EN',0);
Insert into SIGOPTION (APP,OPTIONNAME,DESCRIPTION,ESIGENABLED,VISIBLE,ALSOGRANTS,ALSOREVOKES,PREREQUISITE,SIGOPTIONID,LANGCODE,HASLD) values ('FBILOGGER','INSERT','New Record',0,1,'SAVE','DUPLICATE',null,SIGOPTIONSEQ.nextval,'EN',0);
Insert into SIGOPTION (APP,OPTIONNAME,DESCRIPTION,ESIGENABLED,VISIBLE,ALSOGRANTS,ALSOREVOKES,PREREQUISITE,SIGOPTIONID,LANGCODE,HASLD) values ('FBILOGGER','NEXT','Next Record',0,0,null,null,null,SIGOPTIONSEQ.nextval,'EN',0);
Insert into SIGOPTION (APP,OPTIONNAME,DESCRIPTION,ESIGENABLED,VISIBLE,ALSOGRANTS,ALSOREVOKES,PREREQUISITE,SIGOPTIONID,LANGCODE,HASLD) values ('FBILOGGER','PREVIOUS','Previous Record',0,0,null,null,null,SIGOPTIONSEQ.nextval,'EN',0);
Insert into SIGOPTION (APP,OPTIONNAME,DESCRIPTION,ESIGENABLED,VISIBLE,ALSOGRANTS,ALSOREVOKES,PREREQUISITE,SIGOPTIONID,LANGCODE,HASLD) values ('FBILOGGER','READ','Read access to Records',0,1,'CLEAR, NEXT, PREVIOUS, BOOKMARK, STATHIST','ALL',null,SIGOPTIONSEQ.nextval,'EN',0);
Insert into SIGOPTION (APP,OPTIONNAME,DESCRIPTION,ESIGENABLED,VISIBLE,ALSOGRANTS,ALSOREVOKES,PREREQUISITE,SIGOPTIONID,LANGCODE,HASLD) values ('FBILOGGER','SAVE','Save Record',0,1,null,'INSERT, DUPLICATE, FIELDDEFS, DELETE',null,SIGOPTIONSEQ.nextval,'EN',0);
Insert into SIGOPTION (APP,OPTIONNAME,DESCRIPTION,ESIGENABLED,VISIBLE,ALSOGRANTS,ALSOREVOKES,PREREQUISITE,SIGOPTIONID,LANGCODE,HASLD) values ('FBILOGGER','STATHIST','View History',0,0,null,null,null,SIGOPTIONSEQ.nextval,'EN',0);
Insert into SIGOPTION (APP,OPTIONNAME,DESCRIPTION,ESIGENABLED,VISIBLE,ALSOGRANTS,ALSOREVOKES,PREREQUISITE,SIGOPTIONID,LANGCODE,HASLD) values ('FBILOGGER','HIDE','Hide Fields',0,1,null,null,null,SIGOPTIONSEQ.nextval,'EN',0);

--APPLICATIONAUTH
Insert into APPLICATIONAUTH (GROUPNAME,APP,OPTIONNAME,APPLICATIONAUTHID,CONDITIONNUM) values ('MAXADMIN','FBILOGGER','DELETE',APPLICATIONAUTHSEQ.nextval,null);
Insert into APPLICATIONAUTH (GROUPNAME,APP,OPTIONNAME,APPLICATIONAUTHID,CONDITIONNUM) values ('MAXADMIN','FBILOGGER','READ',APPLICATIONAUTHSEQ.nextval,null);
Insert into APPLICATIONAUTH (GROUPNAME,APP,OPTIONNAME,APPLICATIONAUTHID,CONDITIONNUM) values ('MAXADMIN','FBILOGGER','SAVE',APPLICATIONAUTHSEQ.nextval,null);
Insert into APPLICATIONAUTH (GROUPNAME,APP,OPTIONNAME,APPLICATIONAUTHID,CONDITIONNUM) values ('MAXADMIN','FBILOGGER','BOOKMARK',APPLICATIONAUTHSEQ.nextval,null);
Insert into APPLICATIONAUTH (GROUPNAME,APP,OPTIONNAME,APPLICATIONAUTHID,CONDITIONNUM) values ('MAXADMIN','FBILOGGER','CLEAR',APPLICATIONAUTHSEQ.nextval,null);
Insert into APPLICATIONAUTH (GROUPNAME,APP,OPTIONNAME,APPLICATIONAUTHID,CONDITIONNUM) values ('MAXADMIN','FBILOGGER','NEXT',APPLICATIONAUTHSEQ.nextval,null);
Insert into APPLICATIONAUTH (GROUPNAME,APP,OPTIONNAME,APPLICATIONAUTHID,CONDITIONNUM) values ('MAXADMIN','FBILOGGER','PREVIOUS',APPLICATIONAUTHSEQ.nextval,null);
Insert into APPLICATIONAUTH (GROUPNAME,APP,OPTIONNAME,APPLICATIONAUTHID,CONDITIONNUM) values ('MAXADMIN','FBILOGGER','STATHIST',APPLICATIONAUTHSEQ.nextval,null);



--AUTOSCRIPT
Insert into AUTOSCRIPT (AUTOSCRIPT,STATUS,SCHEDULEDSTATUS,COMMENTS,OWNERID,OWNERNAME,OWNERPHONE,OWNEREMAIL,CREATEDBYID,DESCRIPTION,ORGID,SITEID,ACTION,CREATEDDATE,VERSION,CATEGORY,STATUSDATE,CHANGEDATE,CREATEDBYPHONE,CREATEDBYNAME,CREATEDBYEMAIL,OWNER,CREATEDBY,CHANGEBY,AUTOSCRIPTID,HASLD,LANGCODE,BINARYSCRIPTSOURCE,SCRIPTLANGUAGE,USERDEFINED,LOGLEVEL,INTERFACE,ACTIVE) values ('FU_INTEGRATION_FUNCTIONS','Draft',null,null,null,null,null,null,null,'Library of functions to be used with file based integrations',null,null,null,'sysdate','1.0',null,'sysdate','sysdate',null,null,null,null,null,null,AUTOSCRIPTSEQ.nextval,0,'EN', EMPTY_BLOB(),'javascript',1,'ERROR',1,1);
Insert into AUTOSCRIPT (AUTOSCRIPT,STATUS,SCHEDULEDSTATUS,COMMENTS,OWNERID,OWNERNAME,OWNERPHONE,OWNEREMAIL,CREATEDBYID,DESCRIPTION,ORGID,SITEID,ACTION,CREATEDDATE,VERSION,CATEGORY,STATUSDATE,CHANGEDATE,CREATEDBYPHONE,CREATEDBYNAME,CREATEDBYEMAIL,OWNER,CREATEDBY,CHANGEBY,AUTOSCRIPTID,HASLD,LANGCODE,BINARYSCRIPTSOURCE,SCRIPTLANGUAGE,USERDEFINED,LOGLEVEL,INTERFACE,ACTIVE) values ('FBILOGGER','Draft',null,null,null,null,'aadc',null,null,'FBILOGGER App functions',null,null,null,'sysdate','1.0',null,'sysdate','sysdate','aadc',null,null,null,null,null,AUTOSCRIPTSEQ.nextval,0,'EN', EMPTY_BLOB(),'javascript',1,'ERROR',1,1);


--CRONTASK
Insert into CRONTASKDEF (CRONTASKNAME,CLASSNAME,DESCRIPTION,CRONTASKDEFID,ACCESSLEVEL,LANGCODE,HASLD) values ('FUSIONFBI','custom.iface.fbi.CSVFileExporterCronTask','Cron task to export maximo data as CSV files',CRONTASKDEFSEQ.nextval|,'FULL','EN',0);


Insert into CRONTASKINSTANCE (CRONTASKNAME,INSTANCENAME,RELOADREQTIME,SCHEDULE,ACTIVE,DESCRIPTION,CRONTASKINSTANCEID,RUNASUSERID,LANGCODE,HASLD,AUTOREMOVAL,NEXTRUNTMOVERWRITE,KEEPHISTORY,MAXHISTORY) values ('FUSIONFBI','SCM-INT-053B',to_date('19/04/24 13:27:08','DD/MM/RR HH24:MI:SS'),'1m,*,*,*,*,*,*,*,*,*',1,'Inventory Transfer (TR /No TR/ Write On)',CRONTASKINSTANCESEQ.nextval,'MAXADMIN','EN',1,0,null,1,1000);
Insert into CRONTASKINSTANCE (CRONTASKNAME,INSTANCENAME,RELOADREQTIME,SCHEDULE,ACTIVE,DESCRIPTION,CRONTASKINSTANCEID,RUNASUSERID,LANGCODE,HASLD,AUTOREMOVAL,NEXTRUNTMOVERWRITE,KEEPHISTORY,MAXHISTORY) values ('FUSIONFBI','SCM-INT-053A',to_date('19/04/24 13:27:08','DD/MM/RR HH24:MI:SS'),'1m,*,*,*,*,*,*,*,*,*',1,'Inventory Adjusment transaction Accounting entries',CRONTASKINSTANCESEQ.nextval,'MAXADMIN','EN',0,0,null,1,1000);
Insert into CRONTASKINSTANCE (CRONTASKNAME,INSTANCENAME,RELOADREQTIME,SCHEDULE,ACTIVE,DESCRIPTION,CRONTASKINSTANCEID,RUNASUSERID,LANGCODE,HASLD,AUTOREMOVAL,NEXTRUNTMOVERWRITE,KEEPHISTORY,MAXHISTORY) values ('FUSIONFBI','FIN-INT-085',to_date('22/04/24 11:24:08','DD/MM/RR HH24:MI:SS'),'1m,*,*,*,*,*,*,*,*,*',1,'Asset To FAR --Mega development to add assets',CRONTASKINSTANCESEQ.nextval,'MAXADMIN','EN',0,0,null,1,1000);
Insert into CRONTASKINSTANCE (CRONTASKNAME,INSTANCENAME,RELOADREQTIME,SCHEDULE,ACTIVE,DESCRIPTION,CRONTASKINSTANCEID,RUNASUSERID,LANGCODE,HASLD,AUTOREMOVAL,NEXTRUNTMOVERWRITE,KEEPHISTORY,MAXHISTORY) values ('FUSIONFBI','FIN-INT-031',to_date('07/05/24 13:56:04','DD/MM/RR HH24:MI:SS'),'1m,*,*,*,*,*,*,*,*,*',1,'Intercompany billing based on intercompany movement of inventory',CRONTASKINSTANCESEQ.nextval,'MAXADMIN','EN',1,0,null,1,1000);
Insert into CRONTASKINSTANCE (CRONTASKNAME,INSTANCENAME,RELOADREQTIME,SCHEDULE,ACTIVE,DESCRIPTION,CRONTASKINSTANCEID,RUNASUSERID,LANGCODE,HASLD,AUTOREMOVAL,NEXTRUNTMOVERWRITE,KEEPHISTORY,MAXHISTORY) values ('FUSIONFBI','FIN-INT-029',to_date('22/04/24 14:09:13','DD/MM/RR HH24:MI:SS'),'1m,*,*,*,*,*,*,*,*,*',1,'Integrate Capex WO total cost with FAR',CRONTASKINSTANCESEQ.nextval,'MAXADMIN','EN',1,0,null,1,1000);
Insert into CRONTASKINSTANCE (CRONTASKNAME,INSTANCENAME,RELOADREQTIME,SCHEDULE,ACTIVE,DESCRIPTION,CRONTASKINSTANCEID,RUNASUSERID,LANGCODE,HASLD,AUTOREMOVAL,NEXTRUNTMOVERWRITE,KEEPHISTORY,MAXHISTORY) values ('FUSIONFBI','FIN-INT-026B',to_date('05/04/24 13:22:47','DD/MM/RR HH24:MI:SS'),'1m,*,*,*,*,*,*,*,*,*',1,'Integration between Maximo asset register (TAR) and Oracle asset register (FAR) – Asset transfer entries -- DFF Updates',CRONTASKINSTANCESEQ.nextval,'MAXADMIN','EN',0,0,null,1,1000);
Insert into CRONTASKINSTANCE (CRONTASKNAME,INSTANCENAME,RELOADREQTIME,SCHEDULE,ACTIVE,DESCRIPTION,CRONTASKINSTANCEID,RUNASUSERID,LANGCODE,HASLD,AUTOREMOVAL,NEXTRUNTMOVERWRITE,KEEPHISTORY,MAXHISTORY) values ('FUSIONFBI','FIN-INT-026A',to_date('05/04/24 13:22:47','DD/MM/RR HH24:MI:SS'),'1m,*,*,*,*,*,*,*,*,*',1,'Integration between Maximo asset register (TAR) and Oracle asset register (FAR) – Asset transfer entries',CRONTASKINSTANCESEQ.nextval,'MAXADMIN','EN',0,0,null,1,1000);
Insert into CRONTASKINSTANCE (CRONTASKNAME,INSTANCENAME,RELOADREQTIME,SCHEDULE,ACTIVE,DESCRIPTION,CRONTASKINSTANCEID,RUNASUSERID,LANGCODE,HASLD,AUTOREMOVAL,NEXTRUNTMOVERWRITE,KEEPHISTORY,MAXHISTORY) values ('FUSIONFBI','FIN-INT-007',to_date('19/04/24 13:27:08','DD/MM/RR HH24:MI:SS'),'1m,*,*,*,*,*,*,*,*,*',1,'Accounting entries from Maximo to Oracle GL (Opex repair & maintenance)',CRONTASKINSTANCESEQ.nextval,'MAXADMIN','EN',0,0,null,1,1000);
Insert into CRONTASKINSTANCE (CRONTASKNAME,INSTANCENAME,RELOADREQTIME,SCHEDULE,ACTIVE,DESCRIPTION,CRONTASKINSTANCEID,RUNASUSERID,LANGCODE,HASLD,AUTOREMOVAL,NEXTRUNTMOVERWRITE,KEEPHISTORY,MAXHISTORY) values ('FUSIONFBI','FIN-INT-089',to_date('19/04/24 10:37:08','DD/MM/RR HH24:MI:SS'),'1m,*,*,*,*,*,*,*,*,*',1,'Syncronize WO header with Fusion',CRONTASKINSTANCESEQ.nextval,'MAXADMIN','EN',0,0,null,1,1000);
Insert into CRONTASKINSTANCE (CRONTASKNAME,INSTANCENAME,RELOADREQTIME,SCHEDULE,ACTIVE,DESCRIPTION,CRONTASKINSTANCEID,RUNASUSERID,LANGCODE,HASLD,AUTOREMOVAL,NEXTRUNTMOVERWRITE,KEEPHISTORY,MAXHISTORY) values ('FUSIONFBI','FIN-INT-033',to_date('01/04/24 16:22:10','DD/MM/RR HH24:MI:SS'),'1m,*,*,*,*,*,*,*,*,*',1,'Export Active Vehicle Hiring to Asset Lease in Fusion',CRONTASKINSTANCESEQ.nextval,'MAXADMIN','EN',0,0,null,1,1000);
Insert into CRONTASKINSTANCE (CRONTASKNAME,INSTANCENAME,RELOADREQTIME,SCHEDULE,ACTIVE,DESCRIPTION,CRONTASKINSTANCEID,RUNASUSERID,LANGCODE,HASLD,AUTOREMOVAL,NEXTRUNTMOVERWRITE,KEEPHISTORY,MAXHISTORY) values ('FUSIONFBI','FIN-INT-033B',to_date('18/04/24 17:00:09','DD/MM/RR HH24:MI:SS'),'1m,*,*,*,*,*,*,*,*,*',1,'Terminate Vehicle Hiring /sset Lease in Fusion',CRONTASKINSTANCESEQ.nextval,'MAXADMIN','EN',0,0,null,1,1000);
Insert into CRONTASKINSTANCE (CRONTASKNAME,INSTANCENAME,RELOADREQTIME,SCHEDULE,ACTIVE,DESCRIPTION,CRONTASKINSTANCEID,RUNASUSERID,LANGCODE,HASLD,AUTOREMOVAL,NEXTRUNTMOVERWRITE,KEEPHISTORY,MAXHISTORY) values ('FUSIONFBI','FIN-INT-028-2-B',to_date('25/04/24 13:56:38','DD/MM/RR HH24:MI:SS'),'1m,*,*,*,*,*,*,*,*,*',1,'Reversed Provision entry for Asset Rtirement in GL  on Completing AWDR with positive retirement decesion',CRONTASKINSTANCESEQ.nextval,'MAXADMIN','EN',0,0,null,1,1000);
Insert into CRONTASKINSTANCE (CRONTASKNAME,INSTANCENAME,RELOADREQTIME,SCHEDULE,ACTIVE,DESCRIPTION,CRONTASKINSTANCEID,RUNASUSERID,LANGCODE,HASLD,AUTOREMOVAL,NEXTRUNTMOVERWRITE,KEEPHISTORY,MAXHISTORY) values ('FUSIONFBI','FIN-INT-028-2-A',to_date('25/04/24 16:23:03','DD/MM/RR HH24:MI:SS'),'1m,*,*,*,*,*,*,*,*,*',1,'Send Asset Cost Retirement for the temp FAR on Completing AWDR with positive retirement decesion',CRONTASKINSTANCESEQ.nextval,'MAXADMIN','EN',0,0,null,1,1000);
Insert into CRONTASKINSTANCE (CRONTASKNAME,INSTANCENAME,RELOADREQTIME,SCHEDULE,ACTIVE,DESCRIPTION,CRONTASKINSTANCEID,RUNASUSERID,LANGCODE,HASLD,AUTOREMOVAL,NEXTRUNTMOVERWRITE,KEEPHISTORY,MAXHISTORY) values ('FUSIONFBI','FIN-INT-028-1-C',to_date('25/04/24 13:56:38','DD/MM/RR HH24:MI:SS'),'1m,*,*,*,*,*,*,*,*,*',1,'Provision entry for asset retirement in GL on Setting Asset Hold for Sale',CRONTASKINSTANCESEQ.nextval,'MAXADMIN','EN',0,0,null,1,1000);
Insert into CRONTASKINSTANCE (CRONTASKNAME,INSTANCENAME,RELOADREQTIME,SCHEDULE,ACTIVE,DESCRIPTION,CRONTASKINSTANCEID,RUNASUSERID,LANGCODE,HASLD,AUTOREMOVAL,NEXTRUNTMOVERWRITE,KEEPHISTORY,MAXHISTORY) values ('FUSIONFBI','FIN-INT-028-1-B',to_date('25/04/24 13:56:38','DD/MM/RR HH24:MI:SS'),'1m,*,*,*,*,*,*,*,*,*',1,'Create New Temp  FAR  on Setting Asset Hold for Sale',CRONTASKINSTANCESEQ.nextval,'MAXADMIN','EN',0,0,null,1,1000);
Insert into CRONTASKINSTANCE (CRONTASKNAME,INSTANCENAME,RELOADREQTIME,SCHEDULE,ACTIVE,DESCRIPTION,CRONTASKINSTANCEID,RUNASUSERID,LANGCODE,HASLD,AUTOREMOVAL,NEXTRUNTMOVERWRITE,KEEPHISTORY,MAXHISTORY) values ('FUSIONFBI','FIN-INT-028-1-A',to_date('25/04/24 13:56:38','DD/MM/RR HH24:MI:SS'),'1m,*,*,*,*,*,*,*,*,*',1,'Create Asset Adjustment Entry on Setting Asset Hold for Sale',CRONTASKINSTANCESEQ.nextval,'MAXADMIN','EN',1,0,null,1,1000);

Insert into CRONTASKPARAM (CRONTASKNAME,INSTANCENAME,PARAMETER,VALUE,CRONTASKPARAMID,CRYPTOVALUE) values ('FUSIONFBI','FIN-INT-007','GENERATE_MERGED_ZIP','N',CRONTASKPARAMSEQ.nextval,null);
Insert into CRONTASKPARAM (CRONTASKNAME,INSTANCENAME,PARAMETER,VALUE,CRONTASKPARAMID,CRYPTOVALUE) values ('FUSIONFBI','FIN-INT-007','OBJECTNAME','MATUSETRANS',CRONTASKPARAMSEQ.nextval,null);
Insert into CRONTASKPARAM (CRONTASKNAME,INSTANCENAME,PARAMETER,VALUE,CRONTASKPARAMID,CRYPTOVALUE) values ('FUSIONFBI','FIN-INT-007','OUPUT_SUBFOLDER_DATE_FORMAT','yyyyMMddHHmmssSSS',CRONTASKPARAMSEQ.nextval,null);
Insert into CRONTASKPARAM (CRONTASKNAME,INSTANCENAME,PARAMETER,VALUE,CRONTASKPARAMID,CRYPTOVALUE) values ('FUSIONFBI','FIN-INT-007','OUPUT_SUBFOLDER_PREFIX','GLINTERFACE_MATUSETRANS_',CRONTASKPARAMSEQ.nextval,null);
Insert into CRONTASKPARAM (CRONTASKNAME,INSTANCENAME,PARAMETER,VALUE,CRONTASKPARAMID,CRYPTOVALUE) values ('FUSIONFBI','FIN-INT-007','OUTPUT_FILES_COUNT','1',CRONTASKPARAMSEQ.nextval,null);
Insert into CRONTASKPARAM (CRONTASKNAME,INSTANCENAME,PARAMETER,VALUE,CRONTASKPARAMID,CRYPTOVALUE) values ('FUSIONFBI','FIN-INT-007','OUTPUT_FILES_DESCRIPTORS_JSON','[{"filenamePrefix":"GLINTERFACE","fileDateFormat":"","columnTitles":[],"linesCount":"2","linesDescriptor":[["NEW>","$FU_INTEGRATION_FUNCTIONS(getFusionLedgerId,[])","$FU_INTEGRATION_FUNCTIONS(formatDate,[ACTUALDATE,yyyy/MM/dd])","MAXIMO>","Inventory Cost>","AED>","$FU_INTEGRATION_FUNCTIONS(formatDate,[TRANSDATE,yyyy/MM/dd])","A>","$FU_INTEGRATION_FUNCTIONS(getGlSegment,[GLDEBITACCT,0])","$FU_INTEGRATION_FUNCTIONS(getGlSegment,[GLDEBITACCT,1])","$FU_INTEGRATION_FUNCTIONS(getGlSegment,[GLDEBITACCT,2])","$FU_INTEGRATION_FUNCTIONS(getGlSegment,[GLDEBITACCT,3])","$FU_INTEGRATION_FUNCTIONS(getGlSegment,[GLDEBITACCT,4])","$FU_INTEGRATION_FUNCTIONS(getGlSegment,[GLDEBITACCT,5])","$FU_INTEGRATION_FUNCTIONS(getGlSegment,[GLDEBITACCT,6])","$FU_INTEGRATION_FUNCTIONS(getGlSegment,[GLDEBITACCT,7])","$FU_INTEGRATION_FUNCTIONS(getGlSegment,[GLDEBITACCT,8])","$FU_INTEGRATION_FUNCTIONS(getGlSegment,[GLDEBITACCT,9])","$FU_INTEGRATION_FUNCTIONS(getGlSegment,[GLDEBITACCT,10])","","","","","","","","","","","","","","","","","","","","LINECOST","","LINECOST","","GL_INTERFACE_>$FU_INTEGRATION_FUNCTIONS(formatDateValue,[$RUNDATE,ddMMyyyy_HHmmss])","","","","","","","","","$FU_INTEGRATION_FUNCTIONS(subString,[DESCRIPTION,0,240])","","","","","","","","","","","","","","","$FU_INTEGRATION_FUNCTIONS(formatDateValue,[$RUNDATE,yyyyMMddHHmmss])","MAXIMO>","MRNUM","REFWO","ITEMNUM","","","","","","","","","","","","","","","","","","","","","","","MATUSETRANSID","FINANCIALPERIOD","","","","","","","","","","","","","","","","","","","","","","","","","","","","","","","","","","","","","","","","","","","","","","","","","","","","","","","END>"],["NEW>","$FU_INTEGRATION_FUNCTIONS(getFusionLedgerId,[])","$FU_INTEGRATION_FUNCTIONS(formatDate,[ACTUALDATE,yyyy/MM/dd])","MAXIMO>","Inventory Cost>","AED>","$FU_INTEGRATION_FUNCTIONS(formatDate,[TRANSDATE,yyyy/MM/dd])","A>","$FU_INTEGRATION_FUNCTIONS(getGlSegment,[GLCREDITACCT,0])","$FU_INTEGRATION_FUNCTIONS(getGlSegment,[GLCREDITACCT,1])","$FU_INTEGRATION_FUNCTIONS(getGlSegment,[GLCREDITACCT,2])","$FU_INTEGRATION_FUNCTIONS(getGlSegment,[GLCREDITACCT,3])","$FU_INTEGRATION_FUNCTIONS(getGlSegment,[GLCREDITACCT,4])","$FU_INTEGRATION_FUNCTIONS(getGlSegment,[GLDEBITACCT,5])","$FU_INTEGRATION_FUNCTIONS(getGlSegment,[GLCREDITACCT,6])","$FU_INTEGRATION_FUNCTIONS(getGlSegment,[GLCREDITACCT,7])","$FU_INTEGRATION_FUNCTIONS(getGlSegment,[GLCREDITACCT,8])","$FU_INTEGRATION_FUNCTIONS(getGlSegment,[GLCREDITACCT,9])","$FU_INTEGRATION_FUNCTIONS(getGlSegment,[GLCREDITACCT,10])","","","","","","","","","","","","","","","","","","","","","LINECOST","","LINECOST","GL_INTERFACE_>$FU_INTEGRATION_FUNCTIONS(formatDateValue,[$RUNDATE,ddMMyyyy_HHmmss])","","","","","","","","","$FU_INTEGRATION_FUNCTIONS(subString,[DESCRIPTION,0,240])","","","","","","","","","","","","","","","$FU_INTEGRATION_FUNCTIONS(formatDateValue,[$RUNDATE,yyyyMMddHHmmss])","MAXIMO>","MRNUM","REFWO","ITEMNUM","ASSETNUM","","","MATUSETRANSID","","","","","","","","","","","","","","","","","","","","FINANCIALPERIOD","","","","","","","","","","","","","","","","","","","","","","","","","","","","","","","","","","","","","","","","","","","","","","","","","","","","","","","END>"]]}]',CRONTASKPARAMSEQ.nextval,null);
Insert into CRONTASKPARAM (CRONTASKNAME,INSTANCENAME,PARAMETER,VALUE,CRONTASKPARAMID,CRYPTOVALUE) values ('FUSIONFBI','FIN-INT-007','OUTPUT_MAIN_FOLDER','Y:/FIN_INT_007',CRONTASKPARAMSEQ.nextval,null);
Insert into CRONTASKPARAM (CRONTASKNAME,INSTANCENAME,PARAMETER,VALUE,CRONTASKPARAMID,CRYPTOVALUE) values ('FUSIONFBI','FIN-INT-007','OUTPUT_SUBFOLDER_COMPRESS','Y',CRONTASKPARAMSEQ.nextval,null);
Insert into CRONTASKPARAM (CRONTASKNAME,INSTANCENAME,PARAMETER,VALUE,CRONTASKPARAMID,CRYPTOVALUE) values ('FUSIONFBI','FIN-INT-007','PROCESSED_DATE_ATTRIBUTE',null,CRONTASKPARAMSEQ.nextval,null);
Insert into CRONTASKPARAM (CRONTASKNAME,INSTANCENAME,PARAMETER,VALUE,CRONTASKPARAMID,CRYPTOVALUE) values ('FUSIONFBI','FIN-INT-007','PROCESSED_FLAG_ATTRIBUTE',null,CRONTASKPARAMSEQ.nextval,null);
Insert into CRONTASKPARAM (CRONTASKNAME,INSTANCENAME,PARAMETER,VALUE,CRONTASKPARAMID,CRYPTOVALUE) values ('FUSIONFBI','FIN-INT-007','VALUE_DATETIME_FORMAT','yyyy/MM/dd HH:mm:ss',CRONTASKPARAMSEQ.nextval,null);
Insert into CRONTASKPARAM (CRONTASKNAME,INSTANCENAME,PARAMETER,VALUE,CRONTASKPARAMID,CRYPTOVALUE) values ('FUSIONFBI','FIN-INT-007','VALUE_DATE_FORMAT','yyyy/MM/dd',CRONTASKPARAMSEQ.nextval,null);
Insert into CRONTASKPARAM (CRONTASKNAME,INSTANCENAME,PARAMETER,VALUE,CRONTASKPARAMID,CRYPTOVALUE) values ('FUSIONFBI','FIN-INT-007','VALUE_TIME_FORMAT','HH:mm:ss',CRONTASKPARAMSEQ.nextval,null);
Insert into CRONTASKPARAM (CRONTASKNAME,INSTANCENAME,PARAMETER,VALUE,CRONTASKPARAMID,CRYPTOVALUE) values ('FUSIONFBI','FIN-INT-007','WHERECLAUSE','LINECOST <>0 and gldebitacct<> glcreditacct and  FU_IsInterCompanyGL(gldebitacct)=0  and (refwo is not null or mrnum is not null)  and transdate> (select max(propvalue) from maxpropvalue where propname=''FU_GOLIVEDATE'' and propvalue is not null) and not exists (select 1 from woextend where n_project_number is not null and wonum= matusetrans.refwo)   and not exists (select 1 from MR where n_project_number is not null and mr.mrnum=matusetrans.mrnum)   and ponum is null and not exists (select 1 from locations where locations.location=MATUSETRANS.STORELOC and  black=1) and FU_ISASSETGL(GLDEBITACCT)=0  and not exists (select 1 from fbilogger where CRONTASKNAME=''FUSIONFBI'' and INSTANCENAME=''FIN-INT-007'' and FILEEXPORTED=''Y'' and OWNERTABLE=''MATUSETRANS'' and OWNERID=MATUSETRANS.matusetransid)',CRONTASKPARAMSEQ.nextval,null);
Insert into CRONTASKPARAM (CRONTASKNAME,INSTANCENAME,PARAMETER,VALUE,CRONTASKPARAMID,CRYPTOVALUE) values ('FUSIONFBI','FIN-INT-026','GENERATE_MERGED_ZIP','N',CRONTASKPARAMSEQ.nextval,null);
Insert into CRONTASKPARAM (CRONTASKNAME,INSTANCENAME,PARAMETER,VALUE,CRONTASKPARAMID,CRYPTOVALUE) values ('FUSIONFBI','FIN-INT-026','OBJECTNAME','ASSETTRANS',CRONTASKPARAMSEQ.nextval,null);
Insert into CRONTASKPARAM (CRONTASKNAME,INSTANCENAME,PARAMETER,VALUE,CRONTASKPARAMID,CRYPTOVALUE) values ('FUSIONFBI','FIN-INT-026','OUPUT_SUBFOLDER_DATE_FORMAT','yyyyMMddHHmmssSSS',CRONTASKPARAMSEQ.nextval,null);
Insert into CRONTASKPARAM (CRONTASKNAME,INSTANCENAME,PARAMETER,VALUE,CRONTASKPARAMID,CRYPTOVALUE) values ('FUSIONFBI','FIN-INT-026','OUPUT_SUBFOLDER_PREFIX','FaMassTransfer',CRONTASKPARAMSEQ.nextval,null);
Insert into CRONTASKPARAM (CRONTASKNAME,INSTANCENAME,PARAMETER,VALUE,CRONTASKPARAMID,CRYPTOVALUE) values ('FUSIONFBI','FIN-INT-026','OUTPUT_FILES_COUNT','2',CRONTASKPARAMSEQ.nextval,null);
Insert into CRONTASKPARAM (CRONTASKNAME,INSTANCENAME,PARAMETER,VALUE,CRONTASKPARAMID,CRYPTOVALUE) values ('FUSIONFBI','FIN-INT-026','OUTPUT_FILES_DESCRIPTORS_JSON','[{"filenamePrefix":"FaTransfersT","columnTitles":[],"linesCount":"1","linesDescriptor":[["TRFR_>TRANSDATE","$FU_INTEGRATION_FUNCTIONS(getFusionSiteId,[])< ASSET BOOK","ASSET.FU_ASSETNUM","TRANSFER>","NEW>","ASSETTRANSID","$FU_INTEGRATION_FUNCTIONS(formatDate,[TRANSDATE,yyyy/MM/dd])","","","","","","","","","","","","","","","","","","","","","","","","","","","","","","","","","","","","","","","","","","","","","","","","","","","","","","","","","","","","END>"]]},{"filenamePrefix":"FaTransferDistsT","columnTitles":[],"linesCount":"2","linesDescriptor":[["TRFR_>TRANSDATE","$FU_INTEGRATION_FUNCTIONS(getFusionSiteId,[])< ASSET BOOK","ASSET.FU_ASSETNUM","TRANSFER>","-1>","","$FU_INTEGRATION_FUNCTIONS(getLocationSegment,[1,FROMLOC])","$FU_INTEGRATION_FUNCTIONS(getLocationSegment,[2,FROMLOC])","$FU_INTEGRATION_FUNCTIONS(getLocationSegment,[3,FROMLOC])","$FU_INTEGRATION_FUNCTIONS(getLocationSegment,[4,FROMLOC])","$FU_INTEGRATION_FUNCTIONS(getLocationSegment,[5,FROMLOC])","$FU_INTEGRATION_FUNCTIONS(getLocationSegment,[6,FROMLOC])","","$FU_INTEGRATION_FUNCTIONS(getGlSegment,[GLDEBITACCT,0])","$FU_INTEGRATION_FUNCTIONS(getGlSegment,[GLDEBITACCT,1])","$FU_INTEGRATION_FUNCTIONS(getGlSegment,[GLDEBITACCT,2])","$FU_INTEGRATION_FUNCTIONS(getGlSegment,[GLDEBITACCT,3])","$FU_INTEGRATION_FUNCTIONS(getGlSegment,[GLDEBITACCT,4])","$FU_INTEGRATION_FUNCTIONS(getGlSegment,[GLDEBITACCT,5])","$FU_INTEGRATION_FUNCTIONS(getGlSegment,[GLDEBITACCT,6])","$FU_INTEGRATION_FUNCTIONS(getGlSegment,[GLDEBITACCT,7])","$FU_INTEGRATION_FUNCTIONS(getGlSegment,[GLDEBITACCT,8])","$FU_INTEGRATION_FUNCTIONS(getGlSegment,[GLDEBITACCT,9])","$FU_INTEGRATION_FUNCTIONS(getGlSegment,[GLDEBITACCT,10])","","","","","","","","","","","","","","","","","","","","END>"],["TRFR_>TRANSDATE","$FU_INTEGRATION_FUNCTIONS(getFusionSiteId,[])< ASSET BOOK","ASSET.FU_ASSETNUM","TRANSFER>","1>","","$FU_INTEGRATION_FUNCTIONS(getLocationSegment,[1,TOLOC])","$FU_INTEGRATION_FUNCTIONS(getLocationSegment,[2,TOLOC])","$FU_INTEGRATION_FUNCTIONS(getLocationSegment,[3,TOLOC])","$FU_INTEGRATION_FUNCTIONS(getLocationSegment,[4,TOLOC])","$FU_INTEGRATION_FUNCTIONS(getLocationSegment,[5,TOLOC])","$FU_INTEGRATION_FUNCTIONS(getLocationSegment,[6,TOLOC])","","$FU_INTEGRATION_FUNCTIONS(getGlSegment,[GLCREDITACCT,0])","$FU_INTEGRATION_FUNCTIONS(getGlSegment,[GLCREDITACCT,1])","$FU_INTEGRATION_FUNCTIONS(getGlSegment,[GLCREDITACCT,2])","$FU_INTEGRATION_FUNCTIONS(getGlSegment,[GLCREDITACCT,3])","$FU_INTEGRATION_FUNCTIONS(getGlSegment,[GLCREDITACCT,4])","$FU_INTEGRATION_FUNCTIONS(getGlSegment,[GLCREDITACCT,5])","$FU_INTEGRATION_FUNCTIONS(getGlSegment,[GLCREDITACCT,6])","$FU_INTEGRATION_FUNCTIONS(getGlSegment,[GLCREDITACCT,7])","$FU_INTEGRATION_FUNCTIONS(getGlSegment,[GLCREDITACCT,8])","$FU_INTEGRATION_FUNCTIONS(getGlSegment,[GLCREDITACCT,9])","$FU_INTEGRATION_FUNCTIONS(getGlSegment,[GLCREDITACCT,10])","","","","","","","","","","","","","","","","","","","","END>"]]},{"filenamePrefix":"FaDescriptiveDetailsInt","columnTitles":[],"linesCount":"1","linesDescriptor":[["TRFR_>TRANSDATE","$FU_INTEGRATION_FUNCTIONS(getFusionSiteId,[])< ASSET BOOK","ASSET.FU_ASSETNUM","","","","","","","","","","","","","","","","","","","","","","","","","","","TOLOC","","","","","","","","","","","","","","","","","","","","","","","","","","","","","","","","","","","","","","","","","","","","","","","","","","","","","","","","","","","","","","","","","","","","","","","","","","","","","","","","","","","END>"]]}]',CRONTASKPARAMSEQ.nextval,null);
Insert into CRONTASKPARAM (CRONTASKNAME,INSTANCENAME,PARAMETER,VALUE,CRONTASKPARAMID,CRYPTOVALUE) values ('FUSIONFBI','FIN-INT-026','OUTPUT_MAIN_FOLDER','Y:/FIN_INT_026',CRONTASKPARAMSEQ.nextval,null);
Insert into CRONTASKPARAM (CRONTASKNAME,INSTANCENAME,PARAMETER,VALUE,CRONTASKPARAMID,CRYPTOVALUE) values ('FUSIONFBI','FIN-INT-026','OUTPUT_SUBFOLDER_COMPRESS','Y',CRONTASKPARAMSEQ.nextval,null);
Insert into CRONTASKPARAM (CRONTASKNAME,INSTANCENAME,PARAMETER,VALUE,CRONTASKPARAMID,CRYPTOVALUE) values ('FUSIONFBI','FIN-INT-026','PROCESSED_DATE_ATTRIBUTE','FU_EXPORTDATE',CRONTASKPARAMSEQ.nextval,null);
Insert into CRONTASKPARAM (CRONTASKNAME,INSTANCENAME,PARAMETER,VALUE,CRONTASKPARAMID,CRYPTOVALUE) values ('FUSIONFBI','FIN-INT-026','PROCESSED_FLAG_ATTRIBUTE','FU_EXPORTED',CRONTASKPARAMSEQ.nextval,null);
Insert into CRONTASKPARAM (CRONTASKNAME,INSTANCENAME,PARAMETER,VALUE,CRONTASKPARAMID,CRYPTOVALUE) values ('FUSIONFBI','FIN-INT-026','VALUE_DATETIME_FORMAT','yyyy/MM/dd HH:mm:ss',CRONTASKPARAMSEQ.nextval,null);
Insert into CRONTASKPARAM (CRONTASKNAME,INSTANCENAME,PARAMETER,VALUE,CRONTASKPARAMID,CRYPTOVALUE) values ('FUSIONFBI','FIN-INT-026','VALUE_DATE_FORMAT','yyyy/MM/dd',CRONTASKPARAMSEQ.nextval,null);
Insert into CRONTASKPARAM (CRONTASKNAME,INSTANCENAME,PARAMETER,VALUE,CRONTASKPARAMID,CRYPTOVALUE) values ('FUSIONFBI','FIN-INT-026','VALUE_TIME_FORMAT','HH:mm:ss',CRONTASKPARAMSEQ.nextval,null);
Insert into CRONTASKPARAM (CRONTASKNAME,INSTANCENAME,PARAMETER,VALUE,CRONTASKPARAMID,CRYPTOVALUE) values ('FUSIONFBI','FIN-INT-026','WHERECLAUSE','FU_EXPORTED is null and  transdate> (select max(propvalue) from maxpropvalue where propname=''FU_GOLIVEDATE'' and propvalue is not null) and exists (select 1 from asset where asset.assetnum=assettrans.assetnum and asset.siteid=assettrans.siteid and  asset.fu_assetnum is not null )
and GLDEBITACCT is not null and GLCREDITACCT is not null',CRONTASKPARAMSEQ.nextval,null);
Insert into CRONTASKPARAM (CRONTASKNAME,INSTANCENAME,PARAMETER,VALUE,CRONTASKPARAMID,CRYPTOVALUE) values ('FUSIONFBI','FIN-INT-026A','GENERATE_MERGED_ZIP','N',CRONTASKPARAMSEQ.nextval,null);
Insert into CRONTASKPARAM (CRONTASKNAME,INSTANCENAME,PARAMETER,VALUE,CRONTASKPARAMID,CRYPTOVALUE) values ('FUSIONFBI','FIN-INT-026A','OBJECTNAME','ASSETTRANS',CRONTASKPARAMSEQ.nextval,null);
Insert into CRONTASKPARAM (CRONTASKNAME,INSTANCENAME,PARAMETER,VALUE,CRONTASKPARAMID,CRYPTOVALUE) values ('FUSIONFBI','FIN-INT-026A','OUPUT_SUBFOLDER_DATE_FORMAT','yyyyMMddHHmmssSSS',CRONTASKPARAMSEQ.nextval,null);
Insert into CRONTASKPARAM (CRONTASKNAME,INSTANCENAME,PARAMETER,VALUE,CRONTASKPARAMID,CRYPTOVALUE) values ('FUSIONFBI','FIN-INT-026A','OUPUT_SUBFOLDER_PREFIX','FaMassTransfer',CRONTASKPARAMSEQ.nextval,null);
Insert into CRONTASKPARAM (CRONTASKNAME,INSTANCENAME,PARAMETER,VALUE,CRONTASKPARAMID,CRYPTOVALUE) values ('FUSIONFBI','FIN-INT-026A','OUTPUT_FILES_COUNT','2',CRONTASKPARAMSEQ.nextval,null);
Insert into CRONTASKPARAM (CRONTASKNAME,INSTANCENAME,PARAMETER,VALUE,CRONTASKPARAMID,CRYPTOVALUE) values ('FUSIONFBI','FIN-INT-026A','OUTPUT_FILES_DESCRIPTORS_JSON','[{"filenamePrefix":"FaTransfersT","columnTitles":[],"linesCount":"1","linesDescriptor":[["TRFR_>$FU_INTEGRATION_FUNCTIONS(formatDateValue,[$RUNDATE,ddMMyyyy_HHmmss])","$FU_INTEGRATION_FUNCTIONS(getFusionSiteId,[])< ASSET BOOK","ASSET.FU_ASSETNUM","TRANSFER>","POST>","ASSETTRANSID","$FU_INTEGRATION_FUNCTIONS(formatDate,[DATEMOVED,yyyy/MM/dd])","","","","","","","","","","","","","","","","","","","","","","","","","","","","","","","","","","","","","","","","","","","","","","","","","","","","","","","","","","","","END>"]]},{"filenamePrefix":"FaTransferDistsT","columnTitles":[],"linesCount":"2","linesDescriptor":[["TRFR_>$FU_INTEGRATION_FUNCTIONS(formatDateValue,[$RUNDATE,ddMMyyyy_HHmmss])","$FU_INTEGRATION_FUNCTIONS(getFusionSiteId,[])< ASSET BOOK","ASSET.FU_ASSETNUM","TRANSFER>","-1>","","$FU_INTEGRATION_FUNCTIONS(getLocationSegment,[1,FROMLOC])","$FU_INTEGRATION_FUNCTIONS(getLocationSegment,[2,FROMLOC])","$FU_INTEGRATION_FUNCTIONS(getLocationSegment,[3,FROMLOC])","$FU_INTEGRATION_FUNCTIONS(getLocationSegment,[4,FROMLOC])","$FU_INTEGRATION_FUNCTIONS(getLocationSegment,[5,FROMLOC])","$FU_INTEGRATION_FUNCTIONS(getLocationSegment,[6,FROMLOC])","$FU_INTEGRATION_FUNCTIONS(getLocationSegment,[7,FROMLOC])","$FU_INTEGRATION_FUNCTIONS(getGlSegment,[ASSET.FAR.DEPRECIATIONACCOUNT,0])","$FU_INTEGRATION_FUNCTIONS(getGlSegment,[ASSET.FAR.DEPRECIATIONACCOUNT,1])","$FU_INTEGRATION_FUNCTIONS(getGlSegment,[ASSET.FAR.DEPRECIATIONACCOUNT,2])","$FU_INTEGRATION_FUNCTIONS(getGlSegment,[ASSET.FAR.DEPRECIATIONACCOUNT,3])","$FU_INTEGRATION_FUNCTIONS(getGlSegment,[ASSET.FAR.DEPRECIATIONACCOUNT,4])","$FU_INTEGRATION_FUNCTIONS(getGlSegment,[ASSET.FAR.DEPRECIATIONACCOUNT,5])","$FU_INTEGRATION_FUNCTIONS(getAssetFARGlSegment6,[ASSET.FAR.DEPRECIATIONACCOUNT])","$FU_INTEGRATION_FUNCTIONS(getGlSegment,[ASSET.FAR.DEPRECIATIONACCOUNT,7])","$FU_INTEGRATION_FUNCTIONS(getGlSegment,[ASSET.FAR.DEPRECIATIONACCOUNT,8])","$FU_INTEGRATION_FUNCTIONS(getGlSegment,[ASSET.FAR.DEPRECIATIONACCOUNT,9])","$FU_INTEGRATION_FUNCTIONS(getGlSegment,[ASSET.FAR.DEPRECIATIONACCOUNT,10])","","","","","","","","","","","","","","","","","","","","END>"],["TRFR_>$FU_INTEGRATION_FUNCTIONS(formatDateValue,[$RUNDATE,ddMMyyyy_HHmmss])","$FU_INTEGRATION_FUNCTIONS(getFusionSiteId,[])< ASSET BOOK","ASSET.FU_ASSETNUM","TRANSFER>","1>","","$FU_INTEGRATION_FUNCTIONS(getLocationSegment,[1,TOLOC])","$FU_INTEGRATION_FUNCTIONS(getLocationSegment,[2,TOLOC])","$FU_INTEGRATION_FUNCTIONS(getLocationSegment,[3,TOLOC])","$FU_INTEGRATION_FUNCTIONS(getLocationSegment,[4,TOLOC])","$FU_INTEGRATION_FUNCTIONS(getLocationSegment,[5,TOLOC])","$FU_INTEGRATION_FUNCTIONS(getLocationSegment,[6,TOLOC])","$FU_INTEGRATION_FUNCTIONS(getLocationSegment,[7,TOLOC])","$FU_INTEGRATION_FUNCTIONS(getGlSegment,[ASSET.FAR.DEPRECIATIONACCOUNT,0])","$FU_INTEGRATION_FUNCTIONS(getGlSegment,[ASSET.FAR.DEPRECIATIONACCOUNT,1])","$FU_INTEGRATION_FUNCTIONS(getGlSegment,[ASSET.FAR.DEPRECIATIONACCOUNT,2])","$FU_INTEGRATION_FUNCTIONS(getGlSegment,[ASSET.FAR.DEPRECIATIONACCOUNT,3])","$FU_INTEGRATION_FUNCTIONS(getGlSegment,[ASSET.FAR.DEPRECIATIONACCOUNT,4])","$FU_INTEGRATION_FUNCTIONS(getGlSegment,[ASSET.FAR.DEPRECIATIONACCOUNT,5])","$FU_INTEGRATION_FUNCTIONS(getAssetFARGlSegment6,[ASSET.FAR.DEPRECIATIONACCOUNT])","$FU_INTEGRATION_FUNCTIONS(getGlSegment,[ASSET.FAR.DEPRECIATIONACCOUNT,7])","$FU_INTEGRATION_FUNCTIONS(getGlSegment,[ASSET.FAR.DEPRECIATIONACCOUNT,8])","$FU_INTEGRATION_FUNCTIONS(getGlSegment,[ASSET.FAR.DEPRECIATIONACCOUNT,9])","$FU_INTEGRATION_FUNCTIONS(getGlSegment,[ASSET.FAR.DEPRECIATIONACCOUNT,10])","","","","","","","","","","","","","","","","","","","","END>"]]}]',CRONTASKPARAMSEQ.nextval,null);
Insert into CRONTASKPARAM (CRONTASKNAME,INSTANCENAME,PARAMETER,VALUE,CRONTASKPARAMID,CRYPTOVALUE) values ('FUSIONFBI','FIN-INT-026A','OUTPUT_MAIN_FOLDER','Y:/FIN_INT_026A',CRONTASKPARAMSEQ.nextval,null);
Insert into CRONTASKPARAM (CRONTASKNAME,INSTANCENAME,PARAMETER,VALUE,CRONTASKPARAMID,CRYPTOVALUE) values ('FUSIONFBI','FIN-INT-026A','OUTPUT_SUBFOLDER_COMPRESS','Y',CRONTASKPARAMSEQ.nextval,null);
Insert into CRONTASKPARAM (CRONTASKNAME,INSTANCENAME,PARAMETER,VALUE,CRONTASKPARAMID,CRYPTOVALUE) values ('FUSIONFBI','FIN-INT-026A','PROCESSED_DATE_ATTRIBUTE',null,CRONTASKPARAMSEQ.nextval,null);
Insert into CRONTASKPARAM (CRONTASKNAME,INSTANCENAME,PARAMETER,VALUE,CRONTASKPARAMID,CRYPTOVALUE) values ('FUSIONFBI','FIN-INT-026A','PROCESSED_FLAG_ATTRIBUTE',null,CRONTASKPARAMSEQ.nextval,null);
Insert into CRONTASKPARAM (CRONTASKNAME,INSTANCENAME,PARAMETER,VALUE,CRONTASKPARAMID,CRYPTOVALUE) values ('FUSIONFBI','FIN-INT-026A','VALUE_DATETIME_FORMAT','yyyy/MM/dd HH:mm:ss',CRONTASKPARAMSEQ.nextval,null);
Insert into CRONTASKPARAM (CRONTASKNAME,INSTANCENAME,PARAMETER,VALUE,CRONTASKPARAMID,CRYPTOVALUE) values ('FUSIONFBI','FIN-INT-026A','VALUE_DATE_FORMAT','yyyy/MM/dd',CRONTASKPARAMSEQ.nextval,null);
Insert into CRONTASKPARAM (CRONTASKNAME,INSTANCENAME,PARAMETER,VALUE,CRONTASKPARAMID,CRYPTOVALUE) values ('FUSIONFBI','FIN-INT-026A','VALUE_TIME_FORMAT','HH:mm:ss',CRONTASKPARAMSEQ.nextval,null);
Insert into CRONTASKPARAM (CRONTASKNAME,INSTANCENAME,PARAMETER,VALUE,CRONTASKPARAMID,CRYPTOVALUE) values ('FUSIONFBI','FIN-INT-026A','WHERECLAUSE','transdate>(select max(propvalue) from maxpropvalue where propname=''FU_GOLIVEDATE'' and propvalue is not null) and exists (select 1 from asset where asset.assetnum=assettrans.assetnum and asset.siteid=assettrans.siteid and asset.fu_assetnum is not null) and transtype=''MOVED'' and exists (select 1 from FAR where DEPRECIATIONACCOUNT is not null and ASSET_NUMBER = (select fu_assetnum from asset where assetnum=assettrans.assetnum and siteid=assettrans.siteid) and siteid = assettrans.siteid) and not exists (select 1 from fbilogger where CRONTASKNAME=''FUSIONFBI'' and INSTANCENAME=''FIN-INT-026A'' and FILEEXPORTED=''Y'' and OWNERTABLE=''ASSETTRANS'' and OWNERID=assettrans.assettransid)',CRONTASKPARAMSEQ.nextval,null);
Insert into CRONTASKPARAM (CRONTASKNAME,INSTANCENAME,PARAMETER,VALUE,CRONTASKPARAMID,CRYPTOVALUE) values ('FUSIONFBI','FIN-INT-026B','GENERATE_MERGED_ZIP','N',CRONTASKPARAMSEQ.nextval,null);
Insert into CRONTASKPARAM (CRONTASKNAME,INSTANCENAME,PARAMETER,VALUE,CRONTASKPARAMID,CRYPTOVALUE) values ('FUSIONFBI','FIN-INT-026B','OBJECTNAME','ASSETTRANS',CRONTASKPARAMSEQ.nextval,null);
Insert into CRONTASKPARAM (CRONTASKNAME,INSTANCENAME,PARAMETER,VALUE,CRONTASKPARAMID,CRYPTOVALUE) values ('FUSIONFBI','FIN-INT-026B','OUPUT_SUBFOLDER_DATE_FORMAT','yyyyMMddHHmmssSSS',CRONTASKPARAMSEQ.nextval,null);
Insert into CRONTASKPARAM (CRONTASKNAME,INSTANCENAME,PARAMETER,VALUE,CRONTASKPARAMID,CRYPTOVALUE) values ('FUSIONFBI','FIN-INT-026B','OUPUT_SUBFOLDER_PREFIX','FaDescriptiveDetails',CRONTASKPARAMSEQ.nextval,null);
Insert into CRONTASKPARAM (CRONTASKNAME,INSTANCENAME,PARAMETER,VALUE,CRONTASKPARAMID,CRYPTOVALUE) values ('FUSIONFBI','FIN-INT-026B','OUTPUT_FILES_COUNT','1',CRONTASKPARAMSEQ.nextval,null);
Insert into CRONTASKPARAM (CRONTASKNAME,INSTANCENAME,PARAMETER,VALUE,CRONTASKPARAMID,CRYPTOVALUE) values ('FUSIONFBI','FIN-INT-026B','OUTPUT_FILES_DESCRIPTORS_JSON','[{"filenamePrefix":"FaDescriptiveDetailsInt","columnTitles":[],"linesCount":"1","linesDescriptor":[["TRFR_>$FU_INTEGRATION_FUNCTIONS(formatDateValue,[$RUNDATE,ddMMyyyy_HHmmss])","$FU_INTEGRATION_FUNCTIONS(getFusionSiteId,[])< ASSET BOOK","ASSET.FU_ASSETNUM","NULL","NULL","NULL","NULL","NULL","NULL","NULL","NULL","NULL","NULL","NULL","NULL","NULL","NULL","NULL","NULL","NULL","NULL","NULL","NULL","NULL","NULL","NULL","NULL","NULL","NULL","NULL","TOLOC","NULL","NULL","NULL","NULL","NULL","NULL","NULL","NULL","NULL","NULL","NULL","NULL","NULL","NULL","NULL","NULL","NULL","NULL","NULL","NULL","NULL","NULL","NULL","NULL","NULL","NULL","NULL","NULL","NULL","NULL","NULL","NULL","NULL","NULL","NULL","NULL","NULL","NULL","NULL","NULL","NULL","NULL","NULL","NULL","NULL","NULL","NULL","NULL","NULL","NULL","NULL","NULL","NULL","NULL","NULL","NULL","NULL","NULL","NULL","NULL","NULL","NULL","NULL","NULL","NULL","NULL","NULL","NULL","NULL","NULL","NULL","NULL","NULL","NULL","NULL","NULL","NULL","NULL","NULL","NULL","NULL","END>"]]}]',CRONTASKPARAMSEQ.nextval,null);
Insert into CRONTASKPARAM (CRONTASKNAME,INSTANCENAME,PARAMETER,VALUE,CRONTASKPARAMID,CRYPTOVALUE) values ('FUSIONFBI','FIN-INT-026B','OUTPUT_MAIN_FOLDER','Y:/FIN_INT_026B',CRONTASKPARAMSEQ.nextval,null);
Insert into CRONTASKPARAM (CRONTASKNAME,INSTANCENAME,PARAMETER,VALUE,CRONTASKPARAMID,CRYPTOVALUE) values ('FUSIONFBI','FIN-INT-026B','OUTPUT_SUBFOLDER_COMPRESS','Y',CRONTASKPARAMSEQ.nextval,null);
Insert into CRONTASKPARAM (CRONTASKNAME,INSTANCENAME,PARAMETER,VALUE,CRONTASKPARAMID,CRYPTOVALUE) values ('FUSIONFBI','FIN-INT-026B','PROCESSED_DATE_ATTRIBUTE',null,CRONTASKPARAMSEQ.nextval,null);
Insert into CRONTASKPARAM (CRONTASKNAME,INSTANCENAME,PARAMETER,VALUE,CRONTASKPARAMID,CRYPTOVALUE) values ('FUSIONFBI','FIN-INT-026B','PROCESSED_FLAG_ATTRIBUTE',null,CRONTASKPARAMSEQ.nextval,null);
Insert into CRONTASKPARAM (CRONTASKNAME,INSTANCENAME,PARAMETER,VALUE,CRONTASKPARAMID,CRYPTOVALUE) values ('FUSIONFBI','FIN-INT-026B','VALUE_DATETIME_FORMAT','yyyy/MM/dd HH:mm:ss',CRONTASKPARAMSEQ.nextval,null);
Insert into CRONTASKPARAM (CRONTASKNAME,INSTANCENAME,PARAMETER,VALUE,CRONTASKPARAMID,CRYPTOVALUE) values ('FUSIONFBI','FIN-INT-026B','VALUE_DATE_FORMAT','yyyy/MM/dd',CRONTASKPARAMSEQ.nextval,null);
Insert into CRONTASKPARAM (CRONTASKNAME,INSTANCENAME,PARAMETER,VALUE,CRONTASKPARAMID,CRYPTOVALUE) values ('FUSIONFBI','FIN-INT-026B','VALUE_TIME_FORMAT','HH:mm:ss',CRONTASKPARAMSEQ.nextval,null);
Insert into CRONTASKPARAM (CRONTASKNAME,INSTANCENAME,PARAMETER,VALUE,CRONTASKPARAMID,CRYPTOVALUE) values ('FUSIONFBI','FIN-INT-026B','WHERECLAUSE','transdate>(select max(propvalue) from maxpropvalue where propname=''FU_GOLIVEDATE'' and propvalue is not null) and exists (select 1 from asset where asset.assetnum=assettrans.assetnum and asset.siteid=assettrans.siteid and asset.fu_assetnum is not null) and transtype=''MOVED'' and GLDEBITACCT is not null and GLCREDITACCT is not null and not exists (select 1 from fbilogger where CRONTASKNAME=''FUSIONFBI'' and INSTANCENAME=''FIN-INT-026B'' and FILEEXPORTED=''Y'' and OWNERTABLE=''ASSETTRANS'' and OWNERID=assettrans.assettransid)',CRONTASKPARAMSEQ.nextval,null);
Insert into CRONTASKPARAM (CRONTASKNAME,INSTANCENAME,PARAMETER,VALUE,CRONTASKPARAMID,CRYPTOVALUE) values ('FUSIONFBI','FIN-INT-028','GENERATE_MERGED_ZIP','N',CRONTASKPARAMSEQ.nextval,null);
Insert into CRONTASKPARAM (CRONTASKNAME,INSTANCENAME,PARAMETER,VALUE,CRONTASKPARAMID,CRYPTOVALUE) values ('FUSIONFBI','FIN-INT-028','OBJECTNAME','ADRLINE',CRONTASKPARAMSEQ.nextval,null);
Insert into CRONTASKPARAM (CRONTASKNAME,INSTANCENAME,PARAMETER,VALUE,CRONTASKPARAMID,CRYPTOVALUE) values ('FUSIONFBI','FIN-INT-028','OUPUT_SUBFOLDER_DATE_FORMAT','yyyyMMddHHmmssSSS',CRONTASKPARAMSEQ.nextval,null);
Insert into CRONTASKPARAM (CRONTASKNAME,INSTANCENAME,PARAMETER,VALUE,CRONTASKPARAMID,CRYPTOVALUE) values ('FUSIONFBI','FIN-INT-028','OUPUT_SUBFOLDER_PREFIX','FaMassRetirement',CRONTASKPARAMSEQ.nextval,null);
Insert into CRONTASKPARAM (CRONTASKNAME,INSTANCENAME,PARAMETER,VALUE,CRONTASKPARAMID,CRYPTOVALUE) values ('FUSIONFBI','FIN-INT-028','OUTPUT_FILES_COUNT','2',CRONTASKPARAMSEQ.nextval,null);
Insert into CRONTASKPARAM (CRONTASKNAME,INSTANCENAME,PARAMETER,VALUE,CRONTASKPARAMID,CRYPTOVALUE) values ('FUSIONFBI','FIN-INT-028','OUTPUT_FILES_DESCRIPTORS_JSON','[{"filenamePrefix":"FaRetirementsT","columnTitles":[],"linesCount":"1","linesDescriptor":[["Asset_Retire_>$FU_INTEGRATION_FUNCTIONS(formatDateValue,[$RUNDATE,ddMMyyyy_HHmmss])","$FU_INTEGRATION_FUNCTIONS(getFusionSiteId,[])< ASSET BOOK","ASSETREF","COST RETIRE>","NEW>","NULL","$FU_INTEGRATION_FUNCTIONS(formatDate,[DISPOSALDATE,dd/MM/yyyy])","LINECOST","NULL","NULL","NULL","NULL","NULL","NULL","NULL","NULL","NULL","NULL","NULL","NULL","NULL","NULL","NULL","NULL","NULL","NULL","NULL","NULL","NULL","NULL","NULL","NULL","NULL","NULL","NULL","NULL","NULL","NULL","NULL","NULL","NULL","NULL","NULL","NULL","NULL","NULL","NULL","NULL","NULL","NULL","NULL","NULL","NULL","NULL","NULL","NULL","NULL","NULL","NULL","NULL","NULL","NULL","NULL","NULL","NULL","NULL","NULL","NULL","NULL","NULL","NULL","NULL","NULL","NULL","NULL","NULL","NULL","NULL","NULL","NULL","NULL","NULL","NULL","NULL","NULL","NULL","NULL","NULL","NULL","NULL","NULL","NULL","NULL","NULL","NULL","NULL","NULL","NULL","NULL","NULL","NULL","NULL","NULL","NULL","NULL","NULL","NULL","END>"]]},{"filenamePrefix":"FaRetirementDistsT","columnTitles":[],"linesCount":"1","linesDescriptor":[["Asset_Retire_>$FU_INTEGRATION_FUNCTIONS(formatDateValue,[$RUNDATE,ddMMyyyy_HHmmss])","$FU_INTEGRATION_FUNCTIONS(getFusionSiteId,[])< ASSET BOOK","ASSETREF","1>","NULL","NULL","NULL","NULL","NULL","NULL","NULL","NULL","NULL","NULL","NULL","NULL","NULL","NULL","NULL","NULL","NULL","NULL","NULL","NULL","NULL","NULL","NULL","NULL","NULL","NULL","NULL","NULL","NULL","NULL","NULL","NULL","NULL","NULL","NULL","NULL","NULL","NULL","END>"]]}]',CRONTASKPARAMSEQ.nextval,null);
Insert into CRONTASKPARAM (CRONTASKNAME,INSTANCENAME,PARAMETER,VALUE,CRONTASKPARAMID,CRYPTOVALUE) values ('FUSIONFBI','FIN-INT-028','OUTPUT_MAIN_FOLDER','Y:/FIN_INT_028',CRONTASKPARAMSEQ.nextval,null);
Insert into CRONTASKPARAM (CRONTASKNAME,INSTANCENAME,PARAMETER,VALUE,CRONTASKPARAMID,CRYPTOVALUE) values ('FUSIONFBI','FIN-INT-028','OUTPUT_SUBFOLDER_COMPRESS','Y',CRONTASKPARAMSEQ.nextval,null);
Insert into CRONTASKPARAM (CRONTASKNAME,INSTANCENAME,PARAMETER,VALUE,CRONTASKPARAMID,CRYPTOVALUE) values ('FUSIONFBI','FIN-INT-028','PROCESSED_DATE_ATTRIBUTE',null,CRONTASKPARAMSEQ.nextval,null);
Insert into CRONTASKPARAM (CRONTASKNAME,INSTANCENAME,PARAMETER,VALUE,CRONTASKPARAMID,CRYPTOVALUE) values ('FUSIONFBI','FIN-INT-028','PROCESSED_FLAG_ATTRIBUTE',null,CRONTASKPARAMSEQ.nextval,null);
Insert into CRONTASKPARAM (CRONTASKNAME,INSTANCENAME,PARAMETER,VALUE,CRONTASKPARAMID,CRYPTOVALUE) values ('FUSIONFBI','FIN-INT-028','VALUE_DATETIME_FORMAT','yyyy/MM/dd HH:mm:ss',CRONTASKPARAMSEQ.nextval,null);
Insert into CRONTASKPARAM (CRONTASKNAME,INSTANCENAME,PARAMETER,VALUE,CRONTASKPARAMID,CRYPTOVALUE) values ('FUSIONFBI','FIN-INT-028','VALUE_DATE_FORMAT','yyyy/MM/dd',CRONTASKPARAMSEQ.nextval,null);
Insert into CRONTASKPARAM (CRONTASKNAME,INSTANCENAME,PARAMETER,VALUE,CRONTASKPARAMID,CRYPTOVALUE) values ('FUSIONFBI','FIN-INT-028','VALUE_TIME_FORMAT','HH:mm:ss',CRONTASKPARAMSEQ.nextval,null);
Insert into CRONTASKPARAM (CRONTASKNAME,INSTANCENAME,PARAMETER,VALUE,CRONTASKPARAMID,CRYPTOVALUE) values ('FUSIONFBI','FIN-INT-028','WHERECLAUSE','ASSETREF is not null and linecost is not null and exists (select 1 from ADR where status!=''CAN'' and FU_CREATE_PROV=''Y'' and adrline.adrnum=ADR.adrnum and statusdate> (select max(propvalue) from maxpropvalue where propname=''FU_GOLIVEDATE'' and propvalue is not null)) and not exists (select 1 from fbilogger where CRONTASKNAME=''FUSIONFBI'' and INSTANCENAME=''FIN-INT-028'' and FILEEXPORTED=''Y'' and OWNERTABLE=''ADRLINE'' and OWNERID=ADRLINE.ADRLINEID)',CRONTASKPARAMSEQ.nextval,null);
Insert into CRONTASKPARAM (CRONTASKNAME,INSTANCENAME,PARAMETER,VALUE,CRONTASKPARAMID,CRYPTOVALUE) values ('FUSIONFBI','FIN-INT-028-1-A','GENERATE_MERGED_ZIP','N',CRONTASKPARAMSEQ.nextval,null);
Insert into CRONTASKPARAM (CRONTASKNAME,INSTANCENAME,PARAMETER,VALUE,CRONTASKPARAMID,CRYPTOVALUE) values ('FUSIONFBI','FIN-INT-028-1-A','OBJECTNAME','ADRLINESUM',CRONTASKPARAMSEQ.nextval,null);
Insert into CRONTASKPARAM (CRONTASKNAME,INSTANCENAME,PARAMETER,VALUE,CRONTASKPARAMID,CRYPTOVALUE) values ('FUSIONFBI','FIN-INT-028-1-A','OUPUT_SUBFOLDER_DATE_FORMAT','yyyyMMddHHmmssSSS',CRONTASKPARAMSEQ.nextval,null);
Insert into CRONTASKPARAM (CRONTASKNAME,INSTANCENAME,PARAMETER,VALUE,CRONTASKPARAMID,CRYPTOVALUE) values ('FUSIONFBI','FIN-INT-028-1-A','OUPUT_SUBFOLDER_PREFIX','FaMassAdjustment_',CRONTASKPARAMSEQ.nextval,null);
Insert into CRONTASKPARAM (CRONTASKNAME,INSTANCENAME,PARAMETER,VALUE,CRONTASKPARAMID,CRYPTOVALUE) values ('FUSIONFBI','FIN-INT-028-1-A','OUTPUT_FILES_COUNT','1',CRONTASKPARAMSEQ.nextval,null);
Insert into CRONTASKPARAM (CRONTASKNAME,INSTANCENAME,PARAMETER,VALUE,CRONTASKPARAMID,CRYPTOVALUE) values ('FUSIONFBI','FIN-INT-028-1-A','OUTPUT_FILES_DESCRIPTORS_JSON','[{"filenamePrefix":"FaAdjustmentsT","columnTitles":[],"linesCount":"1","linesDescriptor":[["TRFR_>$FU_INTEGRATION_FUNCTIONS(formatDateValue,[$RUNDATE,ddMMyyyy_HHmmss])","$FU_INTEGRATION_FUNCTIONS(getFusionSiteId,[])< ASSET BOOK","ASSETREF","ADJUSTMENT>","NEW>","","NO>","","$FU_INTEGRATION_FUNCTIONS(subtractDoubleValues,[FAR.COST,LINECOST])","","","YES>","","","","","","","","","","","","","","","","","","","","","","","","","","","","","","","","AWDR:>ADRLINENUM","","","","","","","","","","","","","","","","","","","","","","","","","","","","","","","","","","","","","","","","","","","","","","","","","","","","","","","","","","","","","","","","","","","","","","","","","","","","","","","","","","","","","","","","","","","","","","","","","","","","","","","","","","","","","","","","","","","","","","","","","","","","","","","","","","","","","","","","","","","","","","","","","","","","","","","","","","","","","","","","","","","","","","","","","","","","","","","","","","","","","","","","","","","","","","","","","","","","","","","","","","","","","","","","","","","","","END>"]]}]',CRONTASKPARAMSEQ.nextval,null);
Insert into CRONTASKPARAM (CRONTASKNAME,INSTANCENAME,PARAMETER,VALUE,CRONTASKPARAMID,CRYPTOVALUE) values ('FUSIONFBI','FIN-INT-028-1-A','OUTPUT_MAIN_FOLDER','Y:/FIN_INT_029',CRONTASKPARAMSEQ.nextval,null);
Insert into CRONTASKPARAM (CRONTASKNAME,INSTANCENAME,PARAMETER,VALUE,CRONTASKPARAMID,CRYPTOVALUE) values ('FUSIONFBI','FIN-INT-028-1-A','OUTPUT_SUBFOLDER_COMPRESS','Y',CRONTASKPARAMSEQ.nextval,null);
Insert into CRONTASKPARAM (CRONTASKNAME,INSTANCENAME,PARAMETER,VALUE,CRONTASKPARAMID,CRYPTOVALUE) values ('FUSIONFBI','FIN-INT-028-1-A','PROCESSED_DATE_ATTRIBUTE',null,CRONTASKPARAMSEQ.nextval,null);
Insert into CRONTASKPARAM (CRONTASKNAME,INSTANCENAME,PARAMETER,VALUE,CRONTASKPARAMID,CRYPTOVALUE) values ('FUSIONFBI','FIN-INT-028-1-A','PROCESSED_FLAG_ATTRIBUTE',null,CRONTASKPARAMSEQ.nextval,null);
Insert into CRONTASKPARAM (CRONTASKNAME,INSTANCENAME,PARAMETER,VALUE,CRONTASKPARAMID,CRYPTOVALUE) values ('FUSIONFBI','FIN-INT-028-1-A','VALUE_DATETIME_FORMAT','yyyy/MM/dd HH:mm:ss',CRONTASKPARAMSEQ.nextval,null);
Insert into CRONTASKPARAM (CRONTASKNAME,INSTANCENAME,PARAMETER,VALUE,CRONTASKPARAMID,CRYPTOVALUE) values ('FUSIONFBI','FIN-INT-028-1-A','VALUE_DATE_FORMAT','yyyy/MM/dd',CRONTASKPARAMSEQ.nextval,null);
Insert into CRONTASKPARAM (CRONTASKNAME,INSTANCENAME,PARAMETER,VALUE,CRONTASKPARAMID,CRYPTOVALUE) values ('FUSIONFBI','FIN-INT-028-1-A','VALUE_TIME_FORMAT','HH:mm:ss',CRONTASKPARAMSEQ.nextval,null);
Insert into CRONTASKPARAM (CRONTASKNAME,INSTANCENAME,PARAMETER,VALUE,CRONTASKPARAMID,CRYPTOVALUE) values ('FUSIONFBI','FIN-INT-028-1-A','WHERECLAUSE','ASSETREF is not null and exists (select 1 from ADR where status!=''CAN'' and FU_HOLD_SALE=''Y'' and ADRLINESUM.adrnum=ADR.adrnum) and not exists (select 1 from fbilogger where CRONTASKNAME=''FUSIONFBI'' and INSTANCENAME= ''FIN-INT-028-1-A'' and FILEEXPORTED=''Y'' and OWNERTABLE=''ADRLINESUM'' and OWNERID<=0 and MBONUM=ADRLINESUM.ADRLINENUM)',CRONTASKPARAMSEQ.nextval,null);
Insert into CRONTASKPARAM (CRONTASKNAME,INSTANCENAME,PARAMETER,VALUE,CRONTASKPARAMID,CRYPTOVALUE) values ('FUSIONFBI','FIN-INT-028-1-B','GENERATE_MERGED_ZIP','N',CRONTASKPARAMSEQ.nextval,null);
Insert into CRONTASKPARAM (CRONTASKNAME,INSTANCENAME,PARAMETER,VALUE,CRONTASKPARAMID,CRYPTOVALUE) values ('FUSIONFBI','FIN-INT-028-1-B','OBJECTNAME','ADRLINESUM',CRONTASKPARAMSEQ.nextval,null);
Insert into CRONTASKPARAM (CRONTASKNAME,INSTANCENAME,PARAMETER,VALUE,CRONTASKPARAMID,CRYPTOVALUE) values ('FUSIONFBI','FIN-INT-028-1-B','OUPUT_SUBFOLDER_DATE_FORMAT','yyyyMMddHHmmssSSS',CRONTASKPARAMSEQ.nextval,null);
Insert into CRONTASKPARAM (CRONTASKNAME,INSTANCENAME,PARAMETER,VALUE,CRONTASKPARAMID,CRYPTOVALUE) values ('FUSIONFBI','FIN-INT-028-1-B','OUPUT_SUBFOLDER_PREFIX','FaMassAddition',CRONTASKPARAMSEQ.nextval,null);
Insert into CRONTASKPARAM (CRONTASKNAME,INSTANCENAME,PARAMETER,VALUE,CRONTASKPARAMID,CRYPTOVALUE) values ('FUSIONFBI','FIN-INT-028-1-B','OUTPUT_FILES_COUNT','2',CRONTASKPARAMSEQ.nextval,null);
Insert into CRONTASKPARAM (CRONTASKNAME,INSTANCENAME,PARAMETER,VALUE,CRONTASKPARAMID,CRYPTOVALUE) values ('FUSIONFBI','FIN-INT-028-1-B','OUTPUT_FILES_DESCRIPTORS_JSON','[{"filenamePrefix":"FaMassAdditions","columnTitles":[],"linesCount":"1","linesDescriptor":[["$FU_INTEGRATION_FUNCTIONS(getRecordNum,[$RECNUM])","$FU_INTEGRATION_FUNCTIONS(getFusionSiteId,[])< ASSET BOOK","","","AWDR->$FU_INTEGRATION_FUNCTIONS(getCombineTwoAttribute,[ADRNUM,FAR.ASSET_DESCRIPTION,240])","","","","","CAPITALIZED>","LINECOST","$FU_INTEGRATION_FUNCTIONS(formatDate,[FAR.DATE_PLACED_IN_SERVICE,yyyy/MM/dd])","","1>","AA>","AAA>","AAAA>","AAAAA>","","","","POST>","POST>","MAXIMO>","ASSETREF","","","","","","","","","","","","","","","","","","","","","NO>","","NO>","","","","","LINEDEP","","","","","","","","","","","","","","","","","","","","","","","","","","","","","","","","","","","","","","","","","","","","","","","","ADRLINENUM","","","","","","","","","","","","","","","","","","","","","","","","","","","","","","","","","","","","","","","","","","","","","","","","","","","","","","","","","","","","","","","","","","","","","","","","","","","","","","","","","","","","","","","","","","","","","","","","","","","","","","","","","","","","","","","","","","","","","","","","","","","","","","","","","","","","","","","","","","","","","","","","","","","","","","","","","","","","","","","","","","","","","","","","","","","","","","","","","","","","","","","","","","","","","","","","","","","","","","","","","","","","","","","","","","","","","","","","","","","","","","","","","","","","","","","","","","","","","","","","","","","","","","","","","","","","","","","","","","","","","","","","","","","","","","","","","","","","","","","","","","","","","","","","","","","","","","","","","","","","","","","","","","","","","","","","","","","","","","END>"]]},{"filenamePrefix":"FaMassaddDistributions","columnTitles":[],"linesCount":"1","linesDescriptor":[["$FU_INTEGRATION_FUNCTIONS(getRecordNum,[$RECNUM])","1>","","$FU_INTEGRATION_FUNCTIONS(getAttribSegment,[FAR.LOCATION,0,-])","$FU_INTEGRATION_FUNCTIONS(getAttribSegment,[FAR.LOCATION,1,-])","$FU_INTEGRATION_FUNCTIONS(getAttribSegment,[FAR.LOCATION,2,-])","$FU_INTEGRATION_FUNCTIONS(getAttribSegment,[FAR.LOCATION,3,-])","$FU_INTEGRATION_FUNCTIONS(getAttribSegment,[FAR.LOCATION,4,-])","$FU_INTEGRATION_FUNCTIONS(getAttribSegment,[FAR.LOCATION,5,-])","$FU_INTEGRATION_FUNCTIONS(getAttribSegment,[FAR.LOCATION,6,-])","$FU_INTEGRATION_FUNCTIONS(getGlSegment,[FAR.DEPRECIATIONACCOUNT,0])","$FU_INTEGRATION_FUNCTIONS(getGlSegment,[FAR.DEPRECIATIONACCOUNT,1])","$FU_INTEGRATION_FUNCTIONS(getGlSegment,[FAR.DEPRECIATIONACCOUNT,2])","$FU_INTEGRATION_FUNCTIONS(getGlSegment,[FAR.DEPRECIATIONACCOUNT,3])","$FU_INTEGRATION_FUNCTIONS(getGlSegment,[FAR.DEPRECIATIONACCOUNT,4])","$FU_INTEGRATION_FUNCTIONS(getGlSegment,[FAR.DEPRECIATIONACCOUNT,5])","$FU_INTEGRATION_FUNCTIONS(getGlSegment,[FAR.DEPRECIATIONACCOUNT,6])","$FU_INTEGRATION_FUNCTIONS(getGlSegment,[FAR.DEPRECIATIONACCOUNT,7])","$FU_INTEGRATION_FUNCTIONS(getGlSegment,[FAR.DEPRECIATIONACCOUNT,8])","$FU_INTEGRATION_FUNCTIONS(getGlSegment,[FAR.DEPRECIATIONACCOUNT,9])","$FU_INTEGRATION_FUNCTIONS(getGlSegment,[FAR.DEPRECIATIONACCOUNT,10])","","","","","","","","","","","","","","","","","","","","END>"]]}]',CRONTASKPARAMSEQ.nextval,null);
Insert into CRONTASKPARAM (CRONTASKNAME,INSTANCENAME,PARAMETER,VALUE,CRONTASKPARAMID,CRYPTOVALUE) values ('FUSIONFBI','FIN-INT-028-1-B','OUTPUT_MAIN_FOLDER','Y:/FIN_INT_085',CRONTASKPARAMSEQ.nextval,null);
Insert into CRONTASKPARAM (CRONTASKNAME,INSTANCENAME,PARAMETER,VALUE,CRONTASKPARAMID,CRYPTOVALUE) values ('FUSIONFBI','FIN-INT-028-1-B','OUTPUT_SUBFOLDER_COMPRESS','Y',CRONTASKPARAMSEQ.nextval,null);
Insert into CRONTASKPARAM (CRONTASKNAME,INSTANCENAME,PARAMETER,VALUE,CRONTASKPARAMID,CRYPTOVALUE) values ('FUSIONFBI','FIN-INT-028-1-B','PROCESSED_DATE_ATTRIBUTE',null,CRONTASKPARAMSEQ.nextval,null);
Insert into CRONTASKPARAM (CRONTASKNAME,INSTANCENAME,PARAMETER,VALUE,CRONTASKPARAMID,CRYPTOVALUE) values ('FUSIONFBI','FIN-INT-028-1-B','PROCESSED_FLAG_ATTRIBUTE',null,CRONTASKPARAMSEQ.nextval,null);
Insert into CRONTASKPARAM (CRONTASKNAME,INSTANCENAME,PARAMETER,VALUE,CRONTASKPARAMID,CRYPTOVALUE) values ('FUSIONFBI','FIN-INT-028-1-B','VALUE_DATETIME_FORMAT','yyyy/MM/dd HH:mm:ss',CRONTASKPARAMSEQ.nextval,null);
Insert into CRONTASKPARAM (CRONTASKNAME,INSTANCENAME,PARAMETER,VALUE,CRONTASKPARAMID,CRYPTOVALUE) values ('FUSIONFBI','FIN-INT-028-1-B','VALUE_DATE_FORMAT','yyyy/MM/dd',CRONTASKPARAMSEQ.nextval,null);
Insert into CRONTASKPARAM (CRONTASKNAME,INSTANCENAME,PARAMETER,VALUE,CRONTASKPARAMID,CRYPTOVALUE) values ('FUSIONFBI','FIN-INT-028-1-B','VALUE_TIME_FORMAT','HH:mm:ss',CRONTASKPARAMSEQ.nextval,null);
Insert into CRONTASKPARAM (CRONTASKNAME,INSTANCENAME,PARAMETER,VALUE,CRONTASKPARAMID,CRYPTOVALUE) values ('FUSIONFBI','FIN-INT-028-1-B','WHERECLAUSE','nvl(netbook,0)>0 and exists (select 1 from ADR where status!=''CAN'' and FU_HOLD_SALE=''Y'' and ADRLINESUM.adrnum=ADR.adrnum) and not exists (select 1 from fbilogger where CRONTASKNAME=''FUSIONFBI'' and INSTANCENAME= ''FIN-INT-028-1-B'' and FILEEXPORTED=''Y'' and OWNERTABLE=''ADRLINESUM'' and OWNERID<0 and MBONUM=ADRLINESUM.ADRLINENUM)',CRONTASKPARAMSEQ.nextval,null);
Insert into CRONTASKPARAM (CRONTASKNAME,INSTANCENAME,PARAMETER,VALUE,CRONTASKPARAMID,CRYPTOVALUE) values ('FUSIONFBI','FIN-INT-028-1-C','GENERATE_MERGED_ZIP','N',CRONTASKPARAMSEQ.nextval,null);
Insert into CRONTASKPARAM (CRONTASKNAME,INSTANCENAME,PARAMETER,VALUE,CRONTASKPARAMID,CRYPTOVALUE) values ('FUSIONFBI','FIN-INT-028-1-C','OBJECTNAME','ADRLINESUM',CRONTASKPARAMSEQ.nextval,null);
Insert into CRONTASKPARAM (CRONTASKNAME,INSTANCENAME,PARAMETER,VALUE,CRONTASKPARAMID,CRYPTOVALUE) values ('FUSIONFBI','FIN-INT-028-1-C','OUPUT_SUBFOLDER_DATE_FORMAT','yyyyMMddHHmmssSSS',CRONTASKPARAMSEQ.nextval,null);
Insert into CRONTASKPARAM (CRONTASKNAME,INSTANCENAME,PARAMETER,VALUE,CRONTASKPARAMID,CRYPTOVALUE) values ('FUSIONFBI','FIN-INT-028-1-C','OUPUT_SUBFOLDER_PREFIX','GLINTERFACE_AWDR_HELD_',CRONTASKPARAMSEQ.nextval,null);
Insert into CRONTASKPARAM (CRONTASKNAME,INSTANCENAME,PARAMETER,VALUE,CRONTASKPARAMID,CRYPTOVALUE) values ('FUSIONFBI','FIN-INT-028-1-C','OUTPUT_FILES_COUNT','1',CRONTASKPARAMSEQ.nextval,null);
Insert into CRONTASKPARAM (CRONTASKNAME,INSTANCENAME,PARAMETER,VALUE,CRONTASKPARAMID,CRYPTOVALUE) values ('FUSIONFBI','FIN-INT-028-1-C','OUTPUT_FILES_DESCRIPTORS_JSON','[{"filenamePrefix":"GLINTERFACE","fileDateFormat":"","columnTitles":[],"linesCount":"2","linesDescriptor":[["NEW>","$FU_INTEGRATION_FUNCTIONS(getFusionLedgerId,[])","$FU_INTEGRATION_FUNCTIONS(formatDateValue,[$RUNDATE,yyyy/MM/dd])","MAXIMO>","Retirement>","AED>","$FU_INTEGRATION_FUNCTIONS(formatDateValue,[$RUNDATE,yyyy/MM/dd])","A>","$FU_INTEGRATION_FUNCTIONS(getGlSegment,[FAR.DEPRECIATIONACCOUNT,0])","$FU_INTEGRATION_FUNCTIONS(getGlSegment,[FAR.DEPRECIATIONACCOUNT,1])","$FU_INTEGRATION_FUNCTIONS(getSystemProperty,[mxe.Fusion.provexp.account])","$FU_INTEGRATION_FUNCTIONS(getGlSegment,[FAR.DEPRECIATIONACCOUNT,3])","$FU_INTEGRATION_FUNCTIONS(getGlSegment,[FAR.DEPRECIATIONACCOUNT,4])","$FU_INTEGRATION_FUNCTIONS(getGlSegment,[FAR.DEPRECIATIONACCOUNT,5])","$FU_INTEGRATION_FUNCTIONS(getGlSegment,[FAR.DEPRECIATIONACCOUNT,6])","$FU_INTEGRATION_FUNCTIONS(getGlSegment,[FAR.DEPRECIATIONACCOUNT,7])","$FU_INTEGRATION_FUNCTIONS(getGlSegment,[FAR.DEPRECIATIONACCOUNT,8])","$FU_INTEGRATION_FUNCTIONS(getGlSegment,[FAR.DEPRECIATIONACCOUNT,9])","$FU_INTEGRATION_FUNCTIONS(getGlSegment,[FAR.DEPRECIATIONACCOUNT,10])","","","","","","","","","","","","","","","","","","","","NETBOOK","","NETBOOK","","GL_INTERFACE_>$FU_INTEGRATION_FUNCTIONS(formatDateValue,[$RUNDATE,ddMMyyyy_HHmmss])","","","","","","","","","","","","","","","","","","","","","","","","$FU_INTEGRATION_FUNCTIONS(formatDateValue,[$RUNDATE,yyyyMMddHHmmss])","MAXIMO>","ADR.MRNUM","ADR.WONUM","","ASSETREF","ADRNUM","ADRLINENUM","AWDR-HELD-FOR-SALE->ADRLINENUM","","","","","","","","","","","","","","","","","","","ADRLINENUM","$FU_INTEGRATION_FUNCTIONS(getCurrentFinancialPeriod,[])","","","","","","","","","","","","","","","","","","","","","","","","","","","","","","","","","","","","","","","","","","","","","","","","","","","","","","","","","","","","","","","","","","","","","","","","","","","","","","","","","","","","","","","","","","","","","","","","","","","","","","","","","","","","","END>"],["NEW>","$FU_INTEGRATION_FUNCTIONS(getFusionLedgerId,[])","$FU_INTEGRATION_FUNCTIONS(formatDateValue,[$RUNDATE,yyyy/MM/dd])","MAXIMO>","Retirement>","AED>","$FU_INTEGRATION_FUNCTIONS(formatDateValue,[$RUNDATE,yyyy/MM/dd])","A>","$FU_INTEGRATION_FUNCTIONS(getGlSegment,[FAR.DEPRECIATIONACCOUNT,0])","00000000>","$FU_INTEGRATION_FUNCTIONS(getSystemProperty,[mxe.Fusion.provision.account])","$FU_INTEGRATION_FUNCTIONS(getGlSegment,[FAR.DEPRECIATIONACCOUNT,3])","$FU_INTEGRATION_FUNCTIONS(getGlSegment,[FAR.DEPRECIATIONACCOUNT,4])","$FU_INTEGRATION_FUNCTIONS(getGlSegment,[FAR.DEPRECIATIONACCOUNT,5])","$FU_INTEGRATION_FUNCTIONS(getGlSegment,[FAR.DEPRECIATIONACCOUNT,6])","$FU_INTEGRATION_FUNCTIONS(getGlSegment,[FAR.DEPRECIATIONACCOUNT,7])","$FU_INTEGRATION_FUNCTIONS(getGlSegment,[FAR.DEPRECIATIONACCOUNT,8])","$FU_INTEGRATION_FUNCTIONS(getGlSegment,[FAR.DEPRECIATIONACCOUNT,9])","$FU_INTEGRATION_FUNCTIONS(getGlSegment,[FAR.DEPRECIATIONACCOUNT,10])","","","","","","","","","","","","","","","","","","","","","NETBOOK","","NETBOOK","GL_INTERFACE_>$FU_INTEGRATION_FUNCTIONS(formatDateValue,[$RUNDATE,ddMMyyyy_HHmmss])","","","","","","","","","","","","","","","","","","","","","","","","$FU_INTEGRATION_FUNCTIONS(formatDateValue,[$RUNDATE,yyyyMMddHHmmss])","MAXIMO>","ADR.MRNUM","ADR.WONUM","","ASSETREF","ADRNUM","ADRLINENUM","AWDR-HELD-FOR-SALE->ADRLINENUM","","","","","","","","","","","","","","","","","","","ADRLINENUM","$FU_INTEGRATION_FUNCTIONS(getCurrentFinancialPeriod,[])","","","","","","","","","","","","","","","","","","","","","","","","","","","","","","","","","","","","","","","","","","","","","","","","","","","","","","","","","","","","","","","","","","","","","","","","","","","","","","","","","","","","","","","","","","","","","","","","","","","","","","","","","","","","","END>"]]}]',CRONTASKPARAMSEQ.nextval,null);
Insert into CRONTASKPARAM (CRONTASKNAME,INSTANCENAME,PARAMETER,VALUE,CRONTASKPARAMID,CRYPTOVALUE) values ('FUSIONFBI','FIN-INT-028-1-C','OUTPUT_MAIN_FOLDER','Y:/FIN_INT_007',CRONTASKPARAMSEQ.nextval,null);
Insert into CRONTASKPARAM (CRONTASKNAME,INSTANCENAME,PARAMETER,VALUE,CRONTASKPARAMID,CRYPTOVALUE) values ('FUSIONFBI','FIN-INT-028-1-C','OUTPUT_SUBFOLDER_COMPRESS','Y',CRONTASKPARAMSEQ.nextval,null);
Insert into CRONTASKPARAM (CRONTASKNAME,INSTANCENAME,PARAMETER,VALUE,CRONTASKPARAMID,CRYPTOVALUE) values ('FUSIONFBI','FIN-INT-028-1-C','PROCESSED_DATE_ATTRIBUTE',null,CRONTASKPARAMSEQ.nextval,null);
Insert into CRONTASKPARAM (CRONTASKNAME,INSTANCENAME,PARAMETER,VALUE,CRONTASKPARAMID,CRYPTOVALUE) values ('FUSIONFBI','FIN-INT-028-1-C','PROCESSED_FLAG_ATTRIBUTE',null,CRONTASKPARAMSEQ.nextval,null);
Insert into CRONTASKPARAM (CRONTASKNAME,INSTANCENAME,PARAMETER,VALUE,CRONTASKPARAMID,CRYPTOVALUE) values ('FUSIONFBI','FIN-INT-028-1-C','VALUE_DATETIME_FORMAT','yyyy/MM/dd HH:mm:ss',CRONTASKPARAMSEQ.nextval,null);
Insert into CRONTASKPARAM (CRONTASKNAME,INSTANCENAME,PARAMETER,VALUE,CRONTASKPARAMID,CRYPTOVALUE) values ('FUSIONFBI','FIN-INT-028-1-C','VALUE_DATE_FORMAT','yyyy/MM/dd',CRONTASKPARAMSEQ.nextval,null);
Insert into CRONTASKPARAM (CRONTASKNAME,INSTANCENAME,PARAMETER,VALUE,CRONTASKPARAMID,CRYPTOVALUE) values ('FUSIONFBI','FIN-INT-028-1-C','VALUE_TIME_FORMAT','HH:mm:ss',CRONTASKPARAMSEQ.nextval,null);
Insert into CRONTASKPARAM (CRONTASKNAME,INSTANCENAME,PARAMETER,VALUE,CRONTASKPARAMID,CRYPTOVALUE) values ('FUSIONFBI','FIN-INT-028-1-C','WHERECLAUSE','NVL(NETBOOK,0)>0  and exists (select 1 from ADR where status!=''CAN'' and FU_HOLD_SALE=''Y'' and ADRLINESUM.adrnum=ADR.adrnum) and not exists (select 1 from fbilogger where CRONTASKNAME=''FUSIONFBI'' and INSTANCENAME= ''FIN-INT-028-1-C'' and FILEEXPORTED=''Y'' and OWNERTABLE=''ADRLINESUM'' and OWNERID<0 and MBONUM=ADRLINESUM.ADRLINENUM)',CRONTASKPARAMSEQ.nextval,null);
Insert into CRONTASKPARAM (CRONTASKNAME,INSTANCENAME,PARAMETER,VALUE,CRONTASKPARAMID,CRYPTOVALUE) values ('FUSIONFBI','FIN-INT-028-2-A','GENERATE_MERGED_ZIP','N',CRONTASKPARAMSEQ.nextval,null);
Insert into CRONTASKPARAM (CRONTASKNAME,INSTANCENAME,PARAMETER,VALUE,CRONTASKPARAMID,CRYPTOVALUE) values ('FUSIONFBI','FIN-INT-028-2-A','OBJECTNAME','ADRLINESUM',CRONTASKPARAMSEQ.nextval,null);
Insert into CRONTASKPARAM (CRONTASKNAME,INSTANCENAME,PARAMETER,VALUE,CRONTASKPARAMID,CRYPTOVALUE) values ('FUSIONFBI','FIN-INT-028-2-A','OUPUT_SUBFOLDER_DATE_FORMAT','yyyyMMddHHmmssSSS',CRONTASKPARAMSEQ.nextval,null);
Insert into CRONTASKPARAM (CRONTASKNAME,INSTANCENAME,PARAMETER,VALUE,CRONTASKPARAMID,CRYPTOVALUE) values ('FUSIONFBI','FIN-INT-028-2-A','OUPUT_SUBFOLDER_PREFIX','FaMassRetirement',CRONTASKPARAMSEQ.nextval,null);
Insert into CRONTASKPARAM (CRONTASKNAME,INSTANCENAME,PARAMETER,VALUE,CRONTASKPARAMID,CRYPTOVALUE) values ('FUSIONFBI','FIN-INT-028-2-A','OUTPUT_FILES_COUNT','1',CRONTASKPARAMSEQ.nextval,null);
Insert into CRONTASKPARAM (CRONTASKNAME,INSTANCENAME,PARAMETER,VALUE,CRONTASKPARAMID,CRYPTOVALUE) values ('FUSIONFBI','FIN-INT-028-2-A','OUTPUT_FILES_DESCRIPTORS_JSON','[{"filenamePrefix":"FaRetirementsT","columnTitles":[],"linesCount":"1","linesDescriptor":[["Asset_Retire_>$FU_INTEGRATION_FUNCTIONS(formatDateValue,[$RUNDATE,ddMMyyyy_HHmmss])","$FU_INTEGRATION_FUNCTIONS(getFusionSiteId,[])< ASSET BOOK","FAR_RETASSET.ASSET_NUMBER","COST RETIRE>","POST>","","$FU_INTEGRATION_FUNCTIONS(formatDateValue,[$RUNDATE,yyyy/MM/dd])","FAR_RETASSET.COST","","","","","","","","","","","","","","","","","","","","","","","","","","","","","","","","","","","","","","","","","","","","","","","","","","","","","","","","","","","","","","","","","","","","","","","","","","","","","","","","","","","","","","","","","","","","","","","","","","","","END>"]]}]',CRONTASKPARAMSEQ.nextval,null);
Insert into CRONTASKPARAM (CRONTASKNAME,INSTANCENAME,PARAMETER,VALUE,CRONTASKPARAMID,CRYPTOVALUE) values ('FUSIONFBI','FIN-INT-028-2-A','OUTPUT_MAIN_FOLDER','Y:/FIN_INT_028',CRONTASKPARAMSEQ.nextval,null);
Insert into CRONTASKPARAM (CRONTASKNAME,INSTANCENAME,PARAMETER,VALUE,CRONTASKPARAMID,CRYPTOVALUE) values ('FUSIONFBI','FIN-INT-028-2-A','OUTPUT_SUBFOLDER_COMPRESS','Y',CRONTASKPARAMSEQ.nextval,null);
Insert into CRONTASKPARAM (CRONTASKNAME,INSTANCENAME,PARAMETER,VALUE,CRONTASKPARAMID,CRYPTOVALUE) values ('FUSIONFBI','FIN-INT-028-2-A','PROCESSED_DATE_ATTRIBUTE',null,CRONTASKPARAMSEQ.nextval,null);
Insert into CRONTASKPARAM (CRONTASKNAME,INSTANCENAME,PARAMETER,VALUE,CRONTASKPARAMID,CRYPTOVALUE) values ('FUSIONFBI','FIN-INT-028-2-A','PROCESSED_FLAG_ATTRIBUTE',null,CRONTASKPARAMSEQ.nextval,null);
Insert into CRONTASKPARAM (CRONTASKNAME,INSTANCENAME,PARAMETER,VALUE,CRONTASKPARAMID,CRYPTOVALUE) values ('FUSIONFBI','FIN-INT-028-2-A','VALUE_DATETIME_FORMAT','yyyy/MM/dd HH:mm:ss',CRONTASKPARAMSEQ.nextval,null);
Insert into CRONTASKPARAM (CRONTASKNAME,INSTANCENAME,PARAMETER,VALUE,CRONTASKPARAMID,CRYPTOVALUE) values ('FUSIONFBI','FIN-INT-028-2-A','VALUE_DATE_FORMAT','yyyy/MM/dd',CRONTASKPARAMSEQ.nextval,null);
Insert into CRONTASKPARAM (CRONTASKNAME,INSTANCENAME,PARAMETER,VALUE,CRONTASKPARAMID,CRYPTOVALUE) values ('FUSIONFBI','FIN-INT-028-2-A','VALUE_TIME_FORMAT','HH:mm:ss',CRONTASKPARAMSEQ.nextval,null);
Insert into CRONTASKPARAM (CRONTASKNAME,INSTANCENAME,PARAMETER,VALUE,CRONTASKPARAMID,CRYPTOVALUE) values ('FUSIONFBI','FIN-INT-028-2-A','WHERECLAUSE','exists (select 1 from ADR where status!=''CAN'' and FU_HOLD_SALE=''Y'' and  FU_RET_DEC=''Y'' and ADRLINESUM.adrnum=ADR.adrnum) and exists (select 1 from FAR where far.siteid=adrlinesum.siteid and far.maximo_asset_number=adrlinesum.ADRLINENUM) and not exists (select 1 from fbilogger where CRONTASKNAME=''FUSIONFBI'' and INSTANCENAME= ''FIN-INT-028-2-A'' and FILEEXPORTED=''Y'' and OWNERTABLE=''ADRLINESUM'' and OWNERID<0 and MBONUM=ADRLINESUM.ADRLINENUM)',CRONTASKPARAMSEQ.nextval,null);
Insert into CRONTASKPARAM (CRONTASKNAME,INSTANCENAME,PARAMETER,VALUE,CRONTASKPARAMID,CRYPTOVALUE) values ('FUSIONFBI','FIN-INT-028-2-B','GENERATE_MERGED_ZIP','N',CRONTASKPARAMSEQ.nextval,null);
Insert into CRONTASKPARAM (CRONTASKNAME,INSTANCENAME,PARAMETER,VALUE,CRONTASKPARAMID,CRYPTOVALUE) values ('FUSIONFBI','FIN-INT-028-2-B','OBJECTNAME','ADRLINESUM',CRONTASKPARAMSEQ.nextval,null);
Insert into CRONTASKPARAM (CRONTASKNAME,INSTANCENAME,PARAMETER,VALUE,CRONTASKPARAMID,CRYPTOVALUE) values ('FUSIONFBI','FIN-INT-028-2-B','OUPUT_SUBFOLDER_DATE_FORMAT','yyyyMMddHHmmssSSS',CRONTASKPARAMSEQ.nextval,null);
Insert into CRONTASKPARAM (CRONTASKNAME,INSTANCENAME,PARAMETER,VALUE,CRONTASKPARAMID,CRYPTOVALUE) values ('FUSIONFBI','FIN-INT-028-2-B','OUPUT_SUBFOLDER_PREFIX','GLINTERFACE_AWDR_RET',CRONTASKPARAMSEQ.nextval,null);
Insert into CRONTASKPARAM (CRONTASKNAME,INSTANCENAME,PARAMETER,VALUE,CRONTASKPARAMID,CRYPTOVALUE) values ('FUSIONFBI','FIN-INT-028-2-B','OUTPUT_FILES_COUNT','1',CRONTASKPARAMSEQ.nextval,null);
Insert into CRONTASKPARAM (CRONTASKNAME,INSTANCENAME,PARAMETER,VALUE,CRONTASKPARAMID,CRYPTOVALUE) values ('FUSIONFBI','FIN-INT-028-2-B','OUTPUT_FILES_DESCRIPTORS_JSON','[{"filenamePrefix":"GLINTERFACE","fileDateFormat":"","columnTitles":[],"linesCount":"2","linesDescriptor":[["NEW>","$FU_INTEGRATION_FUNCTIONS(getFusionLedgerId,[])","$FU_INTEGRATION_FUNCTIONS(formatDateValue,[$RUNDATE,yyyy/MM/dd])","MAXIMO>","Retirement>","AED>","$FU_INTEGRATION_FUNCTIONS(formatDateValue,[$RUNDATE,yyyy/MM/dd])","A>","$FU_INTEGRATION_FUNCTIONS(getGlSegment,[FAR.DEPRECIATIONACCOUNT,0])","00000000>","$FU_INTEGRATION_FUNCTIONS(getSystemProperty,[mxe.Fusion.provision.account])","$FU_INTEGRATION_FUNCTIONS(getGlSegment,[FAR.DEPRECIATIONACCOUNT,3])","$FU_INTEGRATION_FUNCTIONS(getGlSegment,[FAR.DEPRECIATIONACCOUNT,4])","$FU_INTEGRATION_FUNCTIONS(getGlSegment,[FAR.DEPRECIATIONACCOUNT,5])","$FU_INTEGRATION_FUNCTIONS(getGlSegment,[FAR.DEPRECIATIONACCOUNT,6])","$FU_INTEGRATION_FUNCTIONS(getGlSegment,[FAR.DEPRECIATIONACCOUNT,7])","$FU_INTEGRATION_FUNCTIONS(getGlSegment,[FAR.DEPRECIATIONACCOUNT,8])","$FU_INTEGRATION_FUNCTIONS(getGlSegment,[FAR.DEPRECIATIONACCOUNT,9])","$FU_INTEGRATION_FUNCTIONS(getGlSegment,[FAR.DEPRECIATIONACCOUNT,10])","","","","","","","","","","","","","","","","","","","","NETBOOK","","NETBOOK","","GL_INTERFACE_>$FU_INTEGRATION_FUNCTIONS(formatDateValue,[$RUNDATE,ddMMyyyy_HHmmss])","","","","","","","","","","","","","","","","","","","","","","","","$FU_INTEGRATION_FUNCTIONS(formatDateValue,[$RUNDATE,yyyyMMddHHmmss])","MAXIMO>","ADR.MRNUM","ADR.WONUM","","ASSETREF","ADRNUM","ADRLINENUM","AWDR-RET->ADRLINENUM","","","","","","","","","","","","","","","","","","","ADRLINENUM","$FU_INTEGRATION_FUNCTIONS(getCurrentFinancialPeriod,[])","","","","","","","","","","","","","","","","","","","","","","","","","","","","","","","","","","","","","","","","","","","","","","","","","","","","","","","END>"],["NEW>","$FU_INTEGRATION_FUNCTIONS(getFusionLedgerId,[])","$FU_INTEGRATION_FUNCTIONS(formatDateValue,[$RUNDATE,yyyy/MM/dd])","MAXIMO>","Retirement>","AED>","$FU_INTEGRATION_FUNCTIONS(formatDateValue,[$RUNDATE,yyyy/MM/dd])","A>","$FU_INTEGRATION_FUNCTIONS(getGlSegment,[FAR.DEPRECIATIONACCOUNT,0])","$FU_INTEGRATION_FUNCTIONS(getGlSegment,[FAR.DEPRECIATIONACCOUNT,1])","$FU_INTEGRATION_FUNCTIONS(getSystemProperty,[mxe.Fusion.provexp.account])","$FU_INTEGRATION_FUNCTIONS(getGlSegment,[FAR.DEPRECIATIONACCOUNT,3])","$FU_INTEGRATION_FUNCTIONS(getGlSegment,[FAR.DEPRECIATIONACCOUNT,4])","$FU_INTEGRATION_FUNCTIONS(getGlSegment,[FAR.DEPRECIATIONACCOUNT,5])","$FU_INTEGRATION_FUNCTIONS(getGlSegment,[FAR.DEPRECIATIONACCOUNT,6])","$FU_INTEGRATION_FUNCTIONS(getGlSegment,[FAR.DEPRECIATIONACCOUNT,7])","$FU_INTEGRATION_FUNCTIONS(getGlSegment,[FAR.DEPRECIATIONACCOUNT,8])","$FU_INTEGRATION_FUNCTIONS(getGlSegment,[FAR.DEPRECIATIONACCOUNT,9])","$FU_INTEGRATION_FUNCTIONS(getGlSegment,[FAR.DEPRECIATIONACCOUNT,10])","","","","","","","","","","","","","","","","","","","","","NETBOOK","","NETBOOK","GL_INTERFACE_>$FU_INTEGRATION_FUNCTIONS(formatDateValue,[$RUNDATE,ddMMyyyy_HHmmss])","","","","","","","","","","","","","","","","","","","","","","","","$FU_INTEGRATION_FUNCTIONS(formatDateValue,[$RUNDATE,yyyyMMddHHmmss])","MAXIMO>","ADR.MRNUM","ADR.WONUM","","ASSETREF","ADRNUM","ADRLINENUM","AWDR-RET->ADRLINENUM","","","","","","","","","","","","","","","","","","","ADRLINENUM","$FU_INTEGRATION_FUNCTIONS(getCurrentFinancialPeriod,[])","","","","","","","","","","","","","","","","","","","","","","","","","","","","","","","","","","","","","","","","","","","","","","","","","","","","","","","END>"]]}]',CRONTASKPARAMSEQ.nextval,null);
Insert into CRONTASKPARAM (CRONTASKNAME,INSTANCENAME,PARAMETER,VALUE,CRONTASKPARAMID,CRYPTOVALUE) values ('FUSIONFBI','FIN-INT-028-2-B','OUTPUT_MAIN_FOLDER','Y:/FIN_INT_007',CRONTASKPARAMSEQ.nextval,null);
Insert into CRONTASKPARAM (CRONTASKNAME,INSTANCENAME,PARAMETER,VALUE,CRONTASKPARAMID,CRYPTOVALUE) values ('FUSIONFBI','FIN-INT-028-2-B','OUTPUT_SUBFOLDER_COMPRESS','Y',CRONTASKPARAMSEQ.nextval,null);
Insert into CRONTASKPARAM (CRONTASKNAME,INSTANCENAME,PARAMETER,VALUE,CRONTASKPARAMID,CRYPTOVALUE) values ('FUSIONFBI','FIN-INT-028-2-B','PROCESSED_DATE_ATTRIBUTE',null,CRONTASKPARAMSEQ.nextval,null);
Insert into CRONTASKPARAM (CRONTASKNAME,INSTANCENAME,PARAMETER,VALUE,CRONTASKPARAMID,CRYPTOVALUE) values ('FUSIONFBI','FIN-INT-028-2-B','PROCESSED_FLAG_ATTRIBUTE',null,CRONTASKPARAMSEQ.nextval,null);
Insert into CRONTASKPARAM (CRONTASKNAME,INSTANCENAME,PARAMETER,VALUE,CRONTASKPARAMID,CRYPTOVALUE) values ('FUSIONFBI','FIN-INT-028-2-B','VALUE_DATETIME_FORMAT','yyyy/MM/dd HH:mm:ss',CRONTASKPARAMSEQ.nextval,null);
Insert into CRONTASKPARAM (CRONTASKNAME,INSTANCENAME,PARAMETER,VALUE,CRONTASKPARAMID,CRYPTOVALUE) values ('FUSIONFBI','FIN-INT-028-2-B','VALUE_DATE_FORMAT','yyyy/MM/dd',CRONTASKPARAMSEQ.nextval,null);
Insert into CRONTASKPARAM (CRONTASKNAME,INSTANCENAME,PARAMETER,VALUE,CRONTASKPARAMID,CRYPTOVALUE) values ('FUSIONFBI','FIN-INT-028-2-B','VALUE_TIME_FORMAT','HH:mm:ss',CRONTASKPARAMSEQ.nextval,null);
Insert into CRONTASKPARAM (CRONTASKNAME,INSTANCENAME,PARAMETER,VALUE,CRONTASKPARAMID,CRYPTOVALUE) values ('FUSIONFBI','FIN-INT-028-2-B','WHERECLAUSE','NVL(NETBOOK,0)>0  and exists (select 1 from FAR where far.siteid=adrlinesum.siteid and far.maximo_asset_number=adrlinesum.ADRLINENUM) and exists (select 1 from ADR where status!=''CAN'' and FU_HOLD_SALE=''Y'' and  FU_RET_DEC=''Y'' and ADRLINESUM.adrnum=ADR.adrnum)  and not exists (select 1 from fbilogger where CRONTASKNAME=''FUSIONFBI'' and INSTANCENAME= ''FIN-INT-028-2-B'' and FILEEXPORTED=''Y'' and OWNERTABLE=''ADRLINESUM'' and OWNERID<0 and MBONUM=ADRLINESUM.ADRLINENUM)',CRONTASKPARAMSEQ.nextval,null);
Insert into CRONTASKPARAM (CRONTASKNAME,INSTANCENAME,PARAMETER,VALUE,CRONTASKPARAMID,CRYPTOVALUE) values ('FUSIONFBI','FIN-INT-028-A','GENERATE_MERGED_ZIP','N',CRONTASKPARAMSEQ.nextval,null);
Insert into CRONTASKPARAM (CRONTASKNAME,INSTANCENAME,PARAMETER,VALUE,CRONTASKPARAMID,CRYPTOVALUE) values ('FUSIONFBI','FIN-INT-028-A','OBJECTNAME','ADRLINE',CRONTASKPARAMSEQ.nextval,null);
Insert into CRONTASKPARAM (CRONTASKNAME,INSTANCENAME,PARAMETER,VALUE,CRONTASKPARAMID,CRYPTOVALUE) values ('FUSIONFBI','FIN-INT-028-A','OUPUT_SUBFOLDER_DATE_FORMAT','yyyyMMddHHmmssSSS',CRONTASKPARAMSEQ.nextval,null);
Insert into CRONTASKPARAM (CRONTASKNAME,INSTANCENAME,PARAMETER,VALUE,CRONTASKPARAMID,CRYPTOVALUE) values ('FUSIONFBI','FIN-INT-028-A','OUPUT_SUBFOLDER_PREFIX','FaMassRetirement',CRONTASKPARAMSEQ.nextval,null);
Insert into CRONTASKPARAM (CRONTASKNAME,INSTANCENAME,PARAMETER,VALUE,CRONTASKPARAMID,CRYPTOVALUE) values ('FUSIONFBI','FIN-INT-028-A','OUTPUT_FILES_COUNT','1',CRONTASKPARAMSEQ.nextval,null);
Insert into CRONTASKPARAM (CRONTASKNAME,INSTANCENAME,PARAMETER,VALUE,CRONTASKPARAMID,CRYPTOVALUE) values ('FUSIONFBI','FIN-INT-028-A','OUTPUT_FILES_DESCRIPTORS_JSON','[{"filenamePrefix":"GLINTERFACE","fileDateFormat":"","columnTitles":[],"linesCount":"2","linesDescriptor":[["NEW>","$FU_INTEGRATION_FUNCTIONS(getFusionLedgerId,[])","$FU_INTEGRATION_FUNCTIONS(getCurrentDateTime,[yyyy/MM/dd])","MAXIMO>","Inventory Cost>","AED>","$FU_INTEGRATION_FUNCTIONS(getCurrentDateTime,[yyyy/MM/dd])","A>","$FU_INTEGRATION_FUNCTIONS(getGlDebitFromProp,[0])","$FU_INTEGRATION_FUNCTIONS(getGlDebitFromProp,[1])","$FU_INTEGRATION_FUNCTIONS(getGlDebitFromProp,[2])","$FU_INTEGRATION_FUNCTIONS(getGlDebitFromProp,[3])","$FU_INTEGRATION_FUNCTIONS(getGlDebitFromProp,[4])","$FU_INTEGRATION_FUNCTIONS(getGlDebitFromProp,[5])","$FU_INTEGRATION_FUNCTIONS(getGlDebitFromProp,[6])","$FU_INTEGRATION_FUNCTIONS(getGlDebitFromProp,[7])","$FU_INTEGRATION_FUNCTIONS(getGlDebitFromProp,[8])","$FU_INTEGRATION_FUNCTIONS(getGlDebitFromProp,[9])","$FU_INTEGRATION_FUNCTIONS(getGlDebitFromProp,[10])","NULL","NULL","NULL","NULL","NULL","NULL","NULL","NULL","NULL","NULL","NULL","NULL","NULL","NULL","NULL","NULL","NULL","NULL","NULL","LINECOST","NULL","LINECOST","NULL","GL_INTERFACE_>$FU_INTEGRATION_FUNCTIONS(getCurrentDateTime,[yyyy/MM/dd HH:mm:ss])","NULL","NULL","NULL","NULL","NULL","NULL","NULL","NULL","NULL","NULL","NULL","ITEMNUM","NULL","NULL","NULL","NULL","NULL","NULL","NULL","NULL","NULL","NULL","NULL","NULL","MAXIMO>","ADR.MRNUM","ADR.WONUM","NULL","NULL","NULL","NULL","NULL","NULL","NULL","NULL","NULL","NULL","NULL","NULL","NULL","NULL","NULL","NULL","NULL","NULL","NULL","NULL","NULL","NULL","NULL","MATUSETRANSID","$FU_INTEGRATION_FUNCTIONS(getCurrentFinancialPeriod,[2020])","NULL","NULL","NULL","NULL","NULL","NULL","NULL","NULL","NULL","NULL","NULL","NULL","NULL","NULL","NULL","NULL","NULL","NULL","NULL","NULL","NULL","NULL","NULL","NULL","NULL","NULL","NULL","NULL","NULL","NULL","NULL","NULL","NULL","NULL","NULL","NULL","NULL","NULL","NULL","NULL","NULL","NULL","NULL","NULL","NULL","NULL","NULL","NULL","NULL","NULL","NULL","NULL","NULL","NULL","END>"],["NEW>","$FU_INTEGRATION_FUNCTIONS(getFusionLedgerId,[])","$FU_INTEGRATION_FUNCTIONS(getCurrentDateTime,[yyyy/MM/dd])","MAXIMO>","Inventory Cost>","AED>","$FU_INTEGRATION_FUNCTIONS(getCurrentDateTime,[yyyy/MM/dd])","A>","$FU_INTEGRATION_FUNCTIONS(getGlCreditFromProp,[0])","$FU_INTEGRATION_FUNCTIONS(getGlCreditFromProp,[1])","$FU_INTEGRATION_FUNCTIONS(getGlCreditFromProp,[2])","$FU_INTEGRATION_FUNCTIONS(getGlCreditFromProp,[3])","$FU_INTEGRATION_FUNCTIONS(getGlCreditFromProp,[4])","$FU_INTEGRATION_FUNCTIONS(getGlCreditFromProp,[5])","$FU_INTEGRATION_FUNCTIONS(getGlCreditFromProp,[6])","$FU_INTEGRATION_FUNCTIONS(getGlCreditFromProp,[7])","$FU_INTEGRATION_FUNCTIONS(getGlCreditFromProp,[8])","$FU_INTEGRATION_FUNCTIONS(getGlCreditFromProp,[9])","$FU_INTEGRATION_FUNCTIONS(getGlCreditFromProp,[10])","NULL","NULL","NULL","NULL","NULL","NULL","NULL","NULL","NULL","NULL","NULL","NULL","NULL","NULL","NULL","NULL","NULL","NULL","NULL","NULL","LINECOST","NULL","LINECOST","GL_INTERFACE_>$FU_INTEGRATION_FUNCTIONS(getCurrentDateTime,[yyyy/MM/dd HH:mm:ss])","NULL","NULL","NULL","NULL","NULL","NULL","NULL","NULL","NULL","NULL","NULL","ITEMNUM","NULL","NULL","NULL","NULL","NULL","NULL","NULL","NULL","NULL","NULL","NULL","NULL","MAXIMO>","ADR.MRNUM","ADR.WONUM","NULL","NULL","NULL","NULL","NULL","NULL","NULL","NULL","NULL","NULL","NULL","NULL","NULL","NULL","NULL","NULL","NULL","NULL","NULL","NULL","NULL","NULL","NULL","MATUSETRANSID","$FU_INTEGRATION_FUNCTIONS(getCurrentFinancialPeriod,[2020])","NULL","NULL","NULL","NULL","NULL","NULL","NULL","NULL","NULL","NULL","NULL","NULL","NULL","NULL","NULL","NULL","NULL","NULL","NULL","NULL","NULL","NULL","NULL","NULL","NULL","NULL","NULL","NULL","NULL","NULL","NULL","NULL","NULL","NULL","NULL","NULL","NULL","NULL","NULL","NULL","NULL","NULL","NULL","NULL","NULL","NULL","NULL","NULL","NULL","NULL","NULL","NULL","NULL","NULL","END>"]]}]',CRONTASKPARAMSEQ.nextval,null);
Insert into CRONTASKPARAM (CRONTASKNAME,INSTANCENAME,PARAMETER,VALUE,CRONTASKPARAMID,CRYPTOVALUE) values ('FUSIONFBI','FIN-INT-028-A','OUTPUT_MAIN_FOLDER','Y:/FIN_INT_028A',CRONTASKPARAMSEQ.nextval,null);
Insert into CRONTASKPARAM (CRONTASKNAME,INSTANCENAME,PARAMETER,VALUE,CRONTASKPARAMID,CRYPTOVALUE) values ('FUSIONFBI','FIN-INT-028-A','OUTPUT_SUBFOLDER_COMPRESS','Y',CRONTASKPARAMSEQ.nextval,null);
Insert into CRONTASKPARAM (CRONTASKNAME,INSTANCENAME,PARAMETER,VALUE,CRONTASKPARAMID,CRYPTOVALUE) values ('FUSIONFBI','FIN-INT-028-A','PROCESSED_DATE_ATTRIBUTE',null,CRONTASKPARAMSEQ.nextval,null);
Insert into CRONTASKPARAM (CRONTASKNAME,INSTANCENAME,PARAMETER,VALUE,CRONTASKPARAMID,CRYPTOVALUE) values ('FUSIONFBI','FIN-INT-028-A','PROCESSED_FLAG_ATTRIBUTE',null,CRONTASKPARAMSEQ.nextval,null);
Insert into CRONTASKPARAM (CRONTASKNAME,INSTANCENAME,PARAMETER,VALUE,CRONTASKPARAMID,CRYPTOVALUE) values ('FUSIONFBI','FIN-INT-028-A','VALUE_DATETIME_FORMAT','yyyy/MM/dd HH:mm:ss',CRONTASKPARAMSEQ.nextval,null);
Insert into CRONTASKPARAM (CRONTASKNAME,INSTANCENAME,PARAMETER,VALUE,CRONTASKPARAMID,CRYPTOVALUE) values ('FUSIONFBI','FIN-INT-028-A','VALUE_DATE_FORMAT','yyyy/MM/dd',CRONTASKPARAMSEQ.nextval,null);
Insert into CRONTASKPARAM (CRONTASKNAME,INSTANCENAME,PARAMETER,VALUE,CRONTASKPARAMID,CRYPTOVALUE) values ('FUSIONFBI','FIN-INT-028-A','VALUE_TIME_FORMAT','HH:mm:ss',CRONTASKPARAMSEQ.nextval,null);
Insert into CRONTASKPARAM (CRONTASKNAME,INSTANCENAME,PARAMETER,VALUE,CRONTASKPARAMID,CRYPTOVALUE) values ('FUSIONFBI','FIN-INT-028-A','WHERECLAUSE','ASSETREF is not null and linecost is not null and exists (select 1 from ADR where status!=''CAN'' and FU_CREATE_PROV=''Y'' and adrline.adrnum=ADR.adrnum and statusdate> (select max(propvalue) from maxpropvalue where propname=''FU_GOLIVEDATE'' and propvalue is not null)) and not exists (select 1 from fbilogger where CRONTASKNAME=''FUSIONFBI'' and INSTANCENAME=''FIN-INT-028-A'' and FILEEXPORTED=''Y'' and OWNERTABLE=''ADRLINE'' and OWNERID=ADRLINE.ADRLINEID)',CRONTASKPARAMSEQ.nextval,null);
Insert into CRONTASKPARAM (CRONTASKNAME,INSTANCENAME,PARAMETER,VALUE,CRONTASKPARAMID,CRYPTOVALUE) values ('FUSIONFBI','FIN-INT-029','GENERATE_MERGED_ZIP','N',CRONTASKPARAMSEQ.nextval,null);
Insert into CRONTASKPARAM (CRONTASKNAME,INSTANCENAME,PARAMETER,VALUE,CRONTASKPARAMID,CRYPTOVALUE) values ('FUSIONFBI','FIN-INT-029','OBJECTNAME','WORKORDER',CRONTASKPARAMSEQ.nextval,null);
Insert into CRONTASKPARAM (CRONTASKNAME,INSTANCENAME,PARAMETER,VALUE,CRONTASKPARAMID,CRYPTOVALUE) values ('FUSIONFBI','FIN-INT-029','OUPUT_SUBFOLDER_DATE_FORMAT','yyyyMMddHHmmssSSS',CRONTASKPARAMSEQ.nextval,null);
Insert into CRONTASKPARAM (CRONTASKNAME,INSTANCENAME,PARAMETER,VALUE,CRONTASKPARAMID,CRYPTOVALUE) values ('FUSIONFBI','FIN-INT-029','OUPUT_SUBFOLDER_PREFIX','FaMassAdjustment',CRONTASKPARAMSEQ.nextval,null);
Insert into CRONTASKPARAM (CRONTASKNAME,INSTANCENAME,PARAMETER,VALUE,CRONTASKPARAMID,CRYPTOVALUE) values ('FUSIONFBI','FIN-INT-029','OUTPUT_FILES_COUNT','1',CRONTASKPARAMSEQ.nextval,null);
Insert into CRONTASKPARAM (CRONTASKNAME,INSTANCENAME,PARAMETER,VALUE,CRONTASKPARAMID,CRYPTOVALUE) values ('FUSIONFBI','FIN-INT-029','OUTPUT_FILES_DESCRIPTORS_JSON','[{"filenamePrefix":"FaAdjustmentsT","columnTitles":[],"linesCount":"1","linesDescriptor":[["TRFR_>$FU_INTEGRATION_FUNCTIONS(formatDateValue,[$RUNDATE,ddMMyyyy_HHmmss])","$FU_INTEGRATION_FUNCTIONS(getFusionSiteId,[])< ASSET BOOK","ASSET.FU_ASSETNUM","ADJUSTMENT>","POST>","NULL","NO","NULL","$FU_INTEGRATION_FUNCTIONS(getWorkorderTotalCost,[])","NULL","NULL","YES>","NULL","NULL","NULL","NULL","NULL","NULL","NULL","NULL","NULL","NULL","$FU_INTEGRATION_FUNCTIONS(getAssetLifeInMonth,[ASSET.INSTALLDATE])","NULL","NULL","NULL","NULL","NULL","NULL","NULL","NULL","NULL","NULL","NULL","NULL","NULL","NULL","NULL","NULL","NULL","NULL","NULL","NULL","WONUM","NULL","NULL","NULL","NULL","NULL","NULL","NULL","NULL","NULL","NULL","NULL","NULL","NULL","NULL","NULL","NULL","NULL","NULL","NULL","NULL","NULL","NULL","NULL","NULL","NULL","NULL","NULL","NULL","NULL","NULL","NULL","NULL","NULL","NULL","NULL","NULL","NULL","NULL","NULL","NULL","NULL","NULL","NULL","NULL","NULL","NULL","NULL","NULL","NULL","NULL","NULL","NULL","NULL","NULL","NULL","NULL","NULL","NULL","NULL","NULL","NULL","NULL","NULL","NULL","NULL","NULL","NULL","NULL","NULL","NULL","NULL","NULL","NULL","NULL","NULL","NULL","NULL","NULL","NULL","NULL","NULL","NULL","NULL","NULL","NULL","NULL","NULL","NULL","NULL","NULL","NULL","NULL","NULL","NULL","NULL","NULL","NULL","NULL","NULL","NULL","NULL","NULL","NULL","NULL","NULL","NULL","NULL","NULL","NULL","NULL","NULL","NULL","NULL","NULL","NULL","NULL","NULL","NULL","NULL","NULL","NULL","NULL","NULL","NULL","NULL","NULL","NULL","NULL","NULL","NULL","NULL","NULL","NULL","NULL","NULL","NULL","NULL","NULL","NULL","NULL","NULL","NULL","NULL","NULL","NULL","NULL","NULL","NULL","NULL","NULL","NULL","NULL","NULL","NULL","NULL","NULL","NULL","NULL","NULL","NULL","NULL","NULL","NULL","NULL","NULL","NULL","NULL","NULL","NULL","NULL","NULL","NULL","NULL","NULL","NULL","NULL","NULL","NULL","NULL","NULL","NULL","NULL","NULL","NULL","NULL","NULL","NULL","NULL","NULL","NULL","NULL","NULL","NULL","NULL","NULL","NULL","NULL","NULL","NULL","NULL","NULL","NULL","NULL","NULL","NULL","NULL","NULL","NULL","NULL","NULL","NULL","END>"]]}]',CRONTASKPARAMSEQ.nextval,null);
Insert into CRONTASKPARAM (CRONTASKNAME,INSTANCENAME,PARAMETER,VALUE,CRONTASKPARAMID,CRYPTOVALUE) values ('FUSIONFBI','FIN-INT-029','OUTPUT_MAIN_FOLDER','Y:/FIN_INT_029',CRONTASKPARAMSEQ.nextval,null);
Insert into CRONTASKPARAM (CRONTASKNAME,INSTANCENAME,PARAMETER,VALUE,CRONTASKPARAMID,CRYPTOVALUE) values ('FUSIONFBI','FIN-INT-029','OUTPUT_SUBFOLDER_COMPRESS','Y',CRONTASKPARAMSEQ.nextval,null);
Insert into CRONTASKPARAM (CRONTASKNAME,INSTANCENAME,PARAMETER,VALUE,CRONTASKPARAMID,CRYPTOVALUE) values ('FUSIONFBI','FIN-INT-029','PROCESSED_DATE_ATTRIBUTE',null,CRONTASKPARAMSEQ.nextval,null);
Insert into CRONTASKPARAM (CRONTASKNAME,INSTANCENAME,PARAMETER,VALUE,CRONTASKPARAMID,CRYPTOVALUE) values ('FUSIONFBI','FIN-INT-029','PROCESSED_FLAG_ATTRIBUTE',null,CRONTASKPARAMSEQ.nextval,null);
Insert into CRONTASKPARAM (CRONTASKNAME,INSTANCENAME,PARAMETER,VALUE,CRONTASKPARAMID,CRYPTOVALUE) values ('FUSIONFBI','FIN-INT-029','VALUE_DATETIME_FORMAT','yyyy/MM/dd HH:mm:ss',CRONTASKPARAMSEQ.nextval,null);
Insert into CRONTASKPARAM (CRONTASKNAME,INSTANCENAME,PARAMETER,VALUE,CRONTASKPARAMID,CRYPTOVALUE) values ('FUSIONFBI','FIN-INT-029','VALUE_DATE_FORMAT','yyyy/MM/dd',CRONTASKPARAMSEQ.nextval,null);
Insert into CRONTASKPARAM (CRONTASKNAME,INSTANCENAME,PARAMETER,VALUE,CRONTASKPARAMID,CRYPTOVALUE) values ('FUSIONFBI','FIN-INT-029','VALUE_TIME_FORMAT','HH:mm:ss',CRONTASKPARAMSEQ.nextval,null);
Insert into CRONTASKPARAM (CRONTASKNAME,INSTANCENAME,PARAMETER,VALUE,CRONTASKPARAMID,CRYPTOVALUE) values ('FUSIONFBI','FIN-INT-029','WHERECLAUSE','status=''CLOSE''  and FU_ISASSETGL(GLACCOUNT)=1   and exists (select 1 from woextend where n_project_number is null and N_TASK_NUMBER is null and wonum= workorder.wonum)  and statusdate>(select max(propvalue) from maxpropvalue where propname=''FU_GOLIVEDATE'' and propvalue is not null)  and exists (select 1 from FAR where FAR.siteid=WORKORDER.SITEID and FAR.MAXIMO_ASSET_NUMBER=WORKORDER.ASSETNUM) and exists (select 1 from asset where fu_assetnum is not null and workorder.assetnum=asset.assetnum)   and not exists (select 1 from fbilogger where CRONTASKNAME=''FUSIONFBI'' and INSTANCENAME=''FIN-INT-029'' and FILEEXPORTED=''Y'' and OWNERTABLE=''WORKORDER'' and OWNERID=WORKORDER.workorderid)  and (ACTLABCOST+ACTMATCOST+ACTSERVCOST+ACTTOOLCOST)>0',CRONTASKPARAMSEQ.nextval,null);
Insert into CRONTASKPARAM (CRONTASKNAME,INSTANCENAME,PARAMETER,VALUE,CRONTASKPARAMID,CRYPTOVALUE) values ('FUSIONFBI','FIN-INT-031','GENERATE_MERGED_ZIP','N',CRONTASKPARAMSEQ.nextval,null);
Insert into CRONTASKPARAM (CRONTASKNAME,INSTANCENAME,PARAMETER,VALUE,CRONTASKPARAMID,CRYPTOVALUE) values ('FUSIONFBI','FIN-INT-031','OBJECTNAME','MATUSETRANS',CRONTASKPARAMSEQ.nextval,null);
Insert into CRONTASKPARAM (CRONTASKNAME,INSTANCENAME,PARAMETER,VALUE,CRONTASKPARAMID,CRYPTOVALUE) values ('FUSIONFBI','FIN-INT-031','OUPUT_SUBFOLDER_DATE_FORMAT','yyyyMMddHHmmssSSS',CRONTASKPARAMSEQ.nextval,null);
Insert into CRONTASKPARAM (CRONTASKNAME,INSTANCENAME,PARAMETER,VALUE,CRONTASKPARAMID,CRYPTOVALUE) values ('FUSIONFBI','FIN-INT-031','OUPUT_SUBFOLDER_PREFIX','funtransactionsimport',CRONTASKPARAMSEQ.nextval,null);
Insert into CRONTASKPARAM (CRONTASKNAME,INSTANCENAME,PARAMETER,VALUE,CRONTASKPARAMID,CRYPTOVALUE) values ('FUSIONFBI','FIN-INT-031','OUTPUT_FILES_COUNT','1',CRONTASKPARAMSEQ.nextval,null);
Insert into CRONTASKPARAM (CRONTASKNAME,INSTANCENAME,PARAMETER,VALUE,CRONTASKPARAMID,CRYPTOVALUE) values ('FUSIONFBI','FIN-INT-031','OUTPUT_FILES_DESCRIPTORS_JSON','[{"filenamePrefix":"funtransactionsimport","fileDateFormat":"","columnTitles":[],"linesCount":"4","linesDescriptor":[["C>","MAXIMO>"],["B>","MAXIMO>","IC_>$FU_INTEGRATION_FUNCTIONS(getCurrentDateTime,[ddMMyyyy_HHmmss])","$FU_INTEGRATION_FUNCTIONS(getFusionSiteId,[])<_IC","","Material Transfers>","$FU_INTEGRATION_FUNCTIONS(getCurrentDateTime,[yyyy/MM/dd])","$FU_INTEGRATION_FUNCTIONS(getCurrentDateTime,[yyyy/MM/dd])","AED>","","","","Corporate>","","","","","","","","","","","","","","","","","","","","","","","","","",""],["H>","MATUSETRANSID","$FU_INTEGRATION_FUNCTIONS(getReceiverIC,[GLDEBITACCT])","LINECOST","","","","","","","","","","","","","","","","","","","","","","","","","","","","",""],["L>","1>","I>","","LINECOST","","$FU_INTEGRATION_FUNCTIONS(getGlSegment,[GLCREDITACCT,0])","$FU_INTEGRATION_FUNCTIONS(getGlSegment,[GLCREDITACCT,1])","$FU_INTEGRATION_FUNCTIONS(getGlSegment,[GLCREDITACCT,2])","$FU_INTEGRATION_FUNCTIONS(getGlSegment,[GLCREDITACCT,3])","$FU_INTEGRATION_FUNCTIONS(getGlSegment,[GLCREDITACCT,4])","$FU_INTEGRATION_FUNCTIONS(getGlSegment,[GLCREDITACCT,5])","$FU_INTEGRATION_FUNCTIONS(getGlSegment,[GLCREDITACCT,6])","$FU_INTEGRATION_FUNCTIONS(getGlSegment,[GLCREDITACCT,7])","$FU_INTEGRATION_FUNCTIONS(getGlSegment,[GLCREDITACCT,8])","$FU_INTEGRATION_FUNCTIONS(getGlSegment,[GLCREDITACCT,9])","$FU_INTEGRATION_FUNCTIONS(getGlSegment,[GLCREDITACCT,10])","","","","","","","","","","","","","","","","","","","","Material Transfers>","MATUSETRANSID","MRNUM","STORELOC","ITEMNUM","DESCRIPTION","$FU_INTEGRATION_FUNCTIONS(absValue,[QUANTITY])","","","","","","","","","","","","","","","","","","",""]]}]',CRONTASKPARAMSEQ.nextval,null);
Insert into CRONTASKPARAM (CRONTASKNAME,INSTANCENAME,PARAMETER,VALUE,CRONTASKPARAMID,CRYPTOVALUE) values ('FUSIONFBI','FIN-INT-031','OUTPUT_MAIN_FOLDER','Y:/FIN_INT_031',CRONTASKPARAMSEQ.nextval,null);
Insert into CRONTASKPARAM (CRONTASKNAME,INSTANCENAME,PARAMETER,VALUE,CRONTASKPARAMID,CRYPTOVALUE) values ('FUSIONFBI','FIN-INT-031','OUTPUT_SUBFOLDER_COMPRESS','Y',CRONTASKPARAMSEQ.nextval,null);
Insert into CRONTASKPARAM (CRONTASKNAME,INSTANCENAME,PARAMETER,VALUE,CRONTASKPARAMID,CRYPTOVALUE) values ('FUSIONFBI','FIN-INT-031','PROCESSED_DATE_ATTRIBUTE',null,CRONTASKPARAMSEQ.nextval,null);
Insert into CRONTASKPARAM (CRONTASKNAME,INSTANCENAME,PARAMETER,VALUE,CRONTASKPARAMID,CRYPTOVALUE) values ('FUSIONFBI','FIN-INT-031','PROCESSED_FLAG_ATTRIBUTE',null,CRONTASKPARAMSEQ.nextval,null);
Insert into CRONTASKPARAM (CRONTASKNAME,INSTANCENAME,PARAMETER,VALUE,CRONTASKPARAMID,CRYPTOVALUE) values ('FUSIONFBI','FIN-INT-031','VALUE_DATETIME_FORMAT','yyyy/MM/dd HH:mm:ss',CRONTASKPARAMSEQ.nextval,null);
Insert into CRONTASKPARAM (CRONTASKNAME,INSTANCENAME,PARAMETER,VALUE,CRONTASKPARAMID,CRYPTOVALUE) values ('FUSIONFBI','FIN-INT-031','VALUE_DATE_FORMAT','yyyy/MM/dd',CRONTASKPARAMSEQ.nextval,null);
Insert into CRONTASKPARAM (CRONTASKNAME,INSTANCENAME,PARAMETER,VALUE,CRONTASKPARAMID,CRYPTOVALUE) values ('FUSIONFBI','FIN-INT-031','VALUE_TIME_FORMAT','HH:mm:ss',CRONTASKPARAMSEQ.nextval,null);
Insert into CRONTASKPARAM (CRONTASKNAME,INSTANCENAME,PARAMETER,VALUE,CRONTASKPARAMID,CRYPTOVALUE) values ('FUSIONFBI','FIN-INT-031','WHERECLAUSE','LINECOST <>0 and gldebitacct<> glcreditacct and (refwo is  null and mrnum is not null) and not exists (select 1 from MR where n_project_number is not null and mr.mrnum=matusetrans.mrnum)  and transdate > (select max(propvalue) from maxpropvalue where propname=''FU_GOLIVEDATE'' and propvalue is not null)  and FU_IsInterCompanyGL(gldebitacct)=1   and not exists (select 1 from fbilogger where CRONTASKNAME=''FUSIONFBI'' and INSTANCENAME= ''FIN-INT-031'' and FILEEXPORTED=''Y'' and OWNERTABLE=''MATUSETRANS'' and OWNERID=MATUSETRANS.MATUSETRANSID)',CRONTASKPARAMSEQ.nextval,null);
Insert into CRONTASKPARAM (CRONTASKNAME,INSTANCENAME,PARAMETER,VALUE,CRONTASKPARAMID,CRYPTOVALUE) values ('FUSIONFBI','FIN-INT-033','GENERATE_MERGED_ZIP','N',CRONTASKPARAMSEQ.nextval,null);
Insert into CRONTASKPARAM (CRONTASKNAME,INSTANCENAME,PARAMETER,VALUE,CRONTASKPARAMID,CRYPTOVALUE) values ('FUSIONFBI','FIN-INT-033','OBJECTNAME','VEHICLEHIRING',CRONTASKPARAMSEQ.nextval,null);
Insert into CRONTASKPARAM (CRONTASKNAME,INSTANCENAME,PARAMETER,VALUE,CRONTASKPARAMID,CRYPTOVALUE) values ('FUSIONFBI','FIN-INT-033','OUPUT_SUBFOLDER_DATE_FORMAT','yyyyMMddHHmmssSSS',CRONTASKPARAMSEQ.nextval,null);
Insert into CRONTASKPARAM (CRONTASKNAME,INSTANCENAME,PARAMETER,VALUE,CRONTASKPARAMID,CRYPTOVALUE) values ('FUSIONFBI','FIN-INT-033','OUPUT_SUBFOLDER_PREFIX','FlaLeaseAccountingImport_',CRONTASKPARAMSEQ.nextval,null);
Insert into CRONTASKPARAM (CRONTASKNAME,INSTANCENAME,PARAMETER,VALUE,CRONTASKPARAMID,CRYPTOVALUE) values ('FUSIONFBI','FIN-INT-033','OUTPUT_FILES_COUNT','3',CRONTASKPARAMSEQ.nextval,null);
Insert into CRONTASKPARAM (CRONTASKNAME,INSTANCENAME,PARAMETER,VALUE,CRONTASKPARAMID,CRYPTOVALUE) values ('FUSIONFBI','FIN-INT-033','OUTPUT_FILES_DESCRIPTORS_JSON','[{"filenamePrefix":"FlaLeasesInt","fileDateFormat":"","columnTitles":[],"linesCount":"1","linesDescriptor":[["VEHICLEHIRINGID","$FU_INTEGRATION_FUNCTIONS(getBUNameForSite,[])","$FU_INTEGRATION_FUNCTIONS(getLegalEntityNameForSite,[])","","$FU_INTEGRATION_FUNCTIONS(combineAttributes,[ASSET.ASSETNUM-ASSET.PLATENO-ASSET.PLATECATEGORY,-,50])","$FU_INTEGRATION_FUNCTIONS(combineAttributes,[ASSET.ASSETNUM-ASSET.PLATENO-ASSET.PLATECATEGORY-ASSET.DESCRIPTION,-,1000])","","ACTIVE>","ASSET.VENDOR","PROPERTY>","FINANCE>","","$FU_INTEGRATION_FUNCTIONS(formatDate,[STARTDATE,yyyy/MM/dd])","$FU_INTEGRATION_FUNCTIONS(formatDate,[ENDDATE,yyyy/MM/dd])","","","","","","","ASSET.FU_DISCOUNTRATE","","360>","N>","","","","$FU_INTEGRATION_FUNCTIONS(combineAttributes,[ASSET.PLATENO-ASSET.PLATECATEGORY,-])","ASSET.FULEASECONTRACTNUM","Automobile>","VEHICLEHIRINGID","","","","","","","","","","","","","","","","","","","","","","END>"]]},{"filenamePrefix":"FlaAssetsInt","fileDateFormat":"","columnTitles":[],"linesCount":"1","linesDescriptor":[["ASSET.ASSETID","VEHICLEHIRINGID","","","","1>","EA>","$FU_INTEGRATION_FUNCTIONS(formatDate,[STARTDATE,yyyy/MM/dd])","$FU_INTEGRATION_FUNCTIONS(formatDate,[ENDDATE,yyyy/MM/dd])","$FU_INTEGRATION_FUNCTIONS(getFusionSiteId,[])","","","","","","$FU_INTEGRATION_FUNCTIONS(combineAttributes,[ASSET.PLATENO-ASSET.PLATECATEGORY,-])","LEASECONTRACTNUM","Automobile>","","","","","","","","","","","","","","","","","","","","","","","END>"]]},{"filenamePrefix":"FlaPaymentHeadersInt","fileDateFormat":"","columnTitles":[],"linesCount":"1","linesDescriptor":[["$FU_INTEGRATION_FUNCTIONS(getModifiedCantorPairingLong,[VEHICLEHIRINGID,ASSET.ASSETID])","VEHICLEHIRINGID","ASSET.ASSETID","Base Rent>","BASE_RENT>","BASE_RENT>","ASSET.VENDOR","ADDC SITE>","","AED>","","$FU_INTEGRATION_FUNCTIONS(formatDate,[STARTDATE,yyyy/MM/dd])","MONTHLY>","N>","Y>","Y>","N>","","","","","","","","","$FU_INTEGRATION_FUNCTIONS(getGlSegment,[ASSET.GLACCOUNT,1])","$FU_INTEGRATION_FUNCTIONS(getGlSegment,[ASSET.GLACCOUNT,5])","$FU_INTEGRATION_FUNCTIONS(getGlSegment,[ASSET.GLACCOUNT,4])","","","","","","","","","","","","","","","","","","","","","","","","$FU_INTEGRATION_FUNCTIONS(formatDate,[ENDDATE,yyyy/MM/dd])","DAILYRATE","","END>"]]}]',CRONTASKPARAMSEQ.nextval,null);
Insert into CRONTASKPARAM (CRONTASKNAME,INSTANCENAME,PARAMETER,VALUE,CRONTASKPARAMID,CRYPTOVALUE) values ('FUSIONFBI','FIN-INT-033','OUTPUT_MAIN_FOLDER','Y:/FIN_INT_033',CRONTASKPARAMSEQ.nextval,null);
Insert into CRONTASKPARAM (CRONTASKNAME,INSTANCENAME,PARAMETER,VALUE,CRONTASKPARAMID,CRYPTOVALUE) values ('FUSIONFBI','FIN-INT-033','OUTPUT_SUBFOLDER_COMPRESS','Y',CRONTASKPARAMSEQ.nextval,null);
Insert into CRONTASKPARAM (CRONTASKNAME,INSTANCENAME,PARAMETER,VALUE,CRONTASKPARAMID,CRYPTOVALUE) values ('FUSIONFBI','FIN-INT-033','PROCESSED_DATE_ATTRIBUTE',null,CRONTASKPARAMSEQ.nextval,null);
Insert into CRONTASKPARAM (CRONTASKNAME,INSTANCENAME,PARAMETER,VALUE,CRONTASKPARAMID,CRYPTOVALUE) values ('FUSIONFBI','FIN-INT-033','PROCESSED_FLAG_ATTRIBUTE',null,CRONTASKPARAMSEQ.nextval,null);
Insert into CRONTASKPARAM (CRONTASKNAME,INSTANCENAME,PARAMETER,VALUE,CRONTASKPARAMID,CRYPTOVALUE) values ('FUSIONFBI','FIN-INT-033','VALUE_DATETIME_FORMAT','yyyy/MM/dd HH:mm:ss',CRONTASKPARAMSEQ.nextval,null);
Insert into CRONTASKPARAM (CRONTASKNAME,INSTANCENAME,PARAMETER,VALUE,CRONTASKPARAMID,CRYPTOVALUE) values ('FUSIONFBI','FIN-INT-033','VALUE_DATE_FORMAT','yyyy/MM/dd',CRONTASKPARAMSEQ.nextval,null);
Insert into CRONTASKPARAM (CRONTASKNAME,INSTANCENAME,PARAMETER,VALUE,CRONTASKPARAMID,CRYPTOVALUE) values ('FUSIONFBI','FIN-INT-033','VALUE_TIME_FORMAT','HH:mm:ss',CRONTASKPARAMSEQ.nextval,null);
Insert into CRONTASKPARAM (CRONTASKNAME,INSTANCENAME,PARAMETER,VALUE,CRONTASKPARAMID,CRYPTOVALUE) values ('FUSIONFBI','FIN-INT-033','WHERECLAUSE','status=''ACTIVE'' and statusdate > (select max(propvalue) from maxpropvalue where propname=''FU_GOLIVEDATE'' and propvalue is not null) and not exists (select 1 from fbilogger where CRONTASKNAME=''FUSIONFBI'' and INSTANCENAME=''FIN-INT-033'' and FILEEXPORTED=''Y'' and OWNERTABLE=''VEHICLEHIRING'' and OWNERID=VEHICLEHIRING.VEHICLEHIRINGID)',CRONTASKPARAMSEQ.nextval,null);
Insert into CRONTASKPARAM (CRONTASKNAME,INSTANCENAME,PARAMETER,VALUE,CRONTASKPARAMID,CRYPTOVALUE) values ('FUSIONFBI','FIN-INT-033B','GENERATE_MERGED_ZIP','N',CRONTASKPARAMSEQ.nextval,null);
Insert into CRONTASKPARAM (CRONTASKNAME,INSTANCENAME,PARAMETER,VALUE,CRONTASKPARAMID,CRYPTOVALUE) values ('FUSIONFBI','FIN-INT-033B','OBJECTNAME','VEHICLEHIRING',CRONTASKPARAMSEQ.nextval,null);
Insert into CRONTASKPARAM (CRONTASKNAME,INSTANCENAME,PARAMETER,VALUE,CRONTASKPARAMID,CRYPTOVALUE) values ('FUSIONFBI','FIN-INT-033B','OUPUT_SUBFOLDER_DATE_FORMAT','yyyyMMddHHmmssSSS',CRONTASKPARAMSEQ.nextval,null);
Insert into CRONTASKPARAM (CRONTASKNAME,INSTANCENAME,PARAMETER,VALUE,CRONTASKPARAMID,CRYPTOVALUE) values ('FUSIONFBI','FIN-INT-033B','OUPUT_SUBFOLDER_PREFIX','FlaLeaseAccountingImport_',CRONTASKPARAMSEQ.nextval,null);
Insert into CRONTASKPARAM (CRONTASKNAME,INSTANCENAME,PARAMETER,VALUE,CRONTASKPARAMID,CRYPTOVALUE) values ('FUSIONFBI','FIN-INT-033B','OUTPUT_FILES_COUNT','3',CRONTASKPARAMSEQ.nextval,null);
Insert into CRONTASKPARAM (CRONTASKNAME,INSTANCENAME,PARAMETER,VALUE,CRONTASKPARAMID,CRYPTOVALUE) values ('FUSIONFBI','FIN-INT-033B','OUTPUT_FILES_DESCRIPTORS_JSON','[{"filenamePrefix":"FlaAmendLeasesInt","fileDateFormat":"","columnTitles":[],"linesCount":"1","linesDescriptor":[["VEHICLEHIRINGID","$FU_INTEGRATION_FUNCTIONS(getBUNameForSite,[])","FU_LEASE_NUMBER","$FU_INTEGRATION_FUNCTIONS(appendCurrentDateTime,[FU_LEASE_NUMBER,ddMMyyyy,_])","SCOPE_DECREASE>","ACTIVE>","$FU_INTEGRATION_FUNCTIONS(formatDate,[STARTDATE,yyyy/MM/dd])","","$FU_INTEGRATION_FUNCTIONS(formatDate,[TERMINATIONDATE,yyyy/MM/dd])","","","","","","","","","","","","","","","","","","","","","","","","","","","","","","","","","","","","","","END>"]]},{"filenamePrefix":"FlaAmendAssetsInt","fileDateFormat":"","columnTitles":[],"linesCount":"1","linesDescriptor":[["VEHICLEHIRINGID","ASSET.ASSETID","AMEND>","FU_ASSETNUM","","","","","","$FU_INTEGRATION_FUNCTIONS(formatDate,[TERMINATIONDATE,yyyy/MM/dd])","","","","","","","","","","","","","","","","","","","","","","","","","","","","","","","","END>"]]},{"filenamePrefix":"FlaAmendPaymentHeadersInt","fileDateFormat":"","columnTitles":[],"linesCount":"1","linesDescriptor":[["VEHICLEHIRINGID","$FU_INTEGRATION_FUNCTIONS(getModifiedCantorPairingLong,[VEHICLEHIRINGID,ASSET.ASSETID])","AMEND>","FU_PAYMENT_NUMBER","","","","","","","","","","","","$FU_INTEGRATION_FUNCTIONS(formatDate,[STARTDATE,yyyy/MM/dd])","MONTHLY","N>","","$FU_INTEGRATION_FUNCTIONS(formatDate,[TERMINATIONDATE,yyyy/MM/dd])","DAILYRATE","Y>","Y>","","","","","","","","","","","","","","","","","","","","","","","","","","","","","","","","","","","END>"]]}]',CRONTASKPARAMSEQ.nextval,null);
Insert into CRONTASKPARAM (CRONTASKNAME,INSTANCENAME,PARAMETER,VALUE,CRONTASKPARAMID,CRYPTOVALUE) values ('FUSIONFBI','FIN-INT-033B','OUTPUT_MAIN_FOLDER','Y:/FIN_INT_033B',CRONTASKPARAMSEQ.nextval,null);
Insert into CRONTASKPARAM (CRONTASKNAME,INSTANCENAME,PARAMETER,VALUE,CRONTASKPARAMID,CRYPTOVALUE) values ('FUSIONFBI','FIN-INT-033B','OUTPUT_SUBFOLDER_COMPRESS','Y',CRONTASKPARAMSEQ.nextval,null);
Insert into CRONTASKPARAM (CRONTASKNAME,INSTANCENAME,PARAMETER,VALUE,CRONTASKPARAMID,CRYPTOVALUE) values ('FUSIONFBI','FIN-INT-033B','PROCESSED_DATE_ATTRIBUTE',null,CRONTASKPARAMSEQ.nextval,null);
Insert into CRONTASKPARAM (CRONTASKNAME,INSTANCENAME,PARAMETER,VALUE,CRONTASKPARAMID,CRYPTOVALUE) values ('FUSIONFBI','FIN-INT-033B','PROCESSED_FLAG_ATTRIBUTE',null,CRONTASKPARAMSEQ.nextval,null);
Insert into CRONTASKPARAM (CRONTASKNAME,INSTANCENAME,PARAMETER,VALUE,CRONTASKPARAMID,CRYPTOVALUE) values ('FUSIONFBI','FIN-INT-033B','VALUE_DATETIME_FORMAT','yyyy/MM/dd HH:mm:ss',CRONTASKPARAMSEQ.nextval,null);
Insert into CRONTASKPARAM (CRONTASKNAME,INSTANCENAME,PARAMETER,VALUE,CRONTASKPARAMID,CRYPTOVALUE) values ('FUSIONFBI','FIN-INT-033B','VALUE_DATE_FORMAT','yyyy/MM/dd',CRONTASKPARAMSEQ.nextval,null);
Insert into CRONTASKPARAM (CRONTASKNAME,INSTANCENAME,PARAMETER,VALUE,CRONTASKPARAMID,CRYPTOVALUE) values ('FUSIONFBI','FIN-INT-033B','VALUE_TIME_FORMAT','HH:mm:ss',CRONTASKPARAMSEQ.nextval,null);
Insert into CRONTASKPARAM (CRONTASKNAME,INSTANCENAME,PARAMETER,VALUE,CRONTASKPARAMID,CRYPTOVALUE) values ('FUSIONFBI','FIN-INT-033B','WHERECLAUSE','status=''TERMINATED'' and FU_ASSETNUM is not null and FU_LEASE_NUMBER is not null and FU_PAYMENT_NUMBER is not null and statusdate > (select max(propvalue) from maxpropvalue where propname=''FU_GOLIVEDATE'' and propvalue is not null) and not exists (select 1 from fbilogger where CRONTASKNAME=''FUSIONFBI'' and INSTANCENAME=''FIN-INT-033B'' and FILEEXPORTED=''Y'' and OWNERTABLE=''VEHICLEHIRING'' and OWNERID=VEHICLEHIRING.VEHICLEHIRINGID)',CRONTASKPARAMSEQ.nextval,null);
Insert into CRONTASKPARAM (CRONTASKNAME,INSTANCENAME,PARAMETER,VALUE,CRONTASKPARAMID,CRYPTOVALUE) values ('FUSIONFBI','FIN-INT-085','GENERATE_MERGED_ZIP','N',CRONTASKPARAMSEQ.nextval,null);
Insert into CRONTASKPARAM (CRONTASKNAME,INSTANCENAME,PARAMETER,VALUE,CRONTASKPARAMID,CRYPTOVALUE) values ('FUSIONFBI','FIN-INT-085','OBJECTNAME','ASSET',CRONTASKPARAMSEQ.nextval,null);
Insert into CRONTASKPARAM (CRONTASKNAME,INSTANCENAME,PARAMETER,VALUE,CRONTASKPARAMID,CRYPTOVALUE) values ('FUSIONFBI','FIN-INT-085','OUPUT_SUBFOLDER_DATE_FORMAT','yyyyMMddHHmmssSSS',CRONTASKPARAMSEQ.nextval,null);
Insert into CRONTASKPARAM (CRONTASKNAME,INSTANCENAME,PARAMETER,VALUE,CRONTASKPARAMID,CRYPTOVALUE) values ('FUSIONFBI','FIN-INT-085','OUPUT_SUBFOLDER_PREFIX','FaMassAddition',CRONTASKPARAMSEQ.nextval,null);
Insert into CRONTASKPARAM (CRONTASKNAME,INSTANCENAME,PARAMETER,VALUE,CRONTASKPARAMID,CRYPTOVALUE) values ('FUSIONFBI','FIN-INT-085','OUTPUT_FILES_COUNT','2',CRONTASKPARAMSEQ.nextval,null);
Insert into CRONTASKPARAM (CRONTASKNAME,INSTANCENAME,PARAMETER,VALUE,CRONTASKPARAMID,CRYPTOVALUE) values ('FUSIONFBI','FIN-INT-085','OUTPUT_FILES_DESCRIPTORS_JSON','[{"filenamePrefix":"FaMassAdditions","columnTitles":[],"linesCount":"1","linesDescriptor":[["$FU_INTEGRATION_FUNCTIONS(getRecordNum,[$RECNUM])","$FU_INTEGRATION_FUNCTIONS(getFusionSiteId,[])< ASSET BOOK","","","$FU_INTEGRATION_FUNCTIONS(getCombineTwoAttribute,[ASSETNUM,DESCRIPTION,240])","","MANUFACTURER","","","CAPITALIZED>","PURCHASEPRICE","$FU_INTEGRATION_FUNCTIONS(formatDate,[INSTALLDATE,yyyy/MM/dd])","","1>","$FU_INTEGRATION_FUNCTIONS(getCategorySegment,[CATEGORY,0])","$FU_INTEGRATION_FUNCTIONS(getCategorySegment,[CATEGORY,1])","$FU_INTEGRATION_FUNCTIONS(getCategorySegment,[CATEGORY,2])","$FU_INTEGRATION_FUNCTIONS(getCategorySegment,[CATEGORY,3])","","","","POST>","POST>","MAXIMO>","","","","","","","","","","","","","","","","","","","","","","NO>","","YES>","","","","","","","","","","","","","","","","","","","","","","","","","","","","","","","","","","","","","","","","","","","","","","","","","","","","","ASSETNUM","LOCATION","SERIALNUM","SERIALNUM","","","","","","","","","","","","","","","","","","","","","","","","","","","","","","","","","","","","","","","","","","","","","","","","","","","","","","","","","","","","","","","","","","","","","","","","","","","","","","","","","","","","","","","","","","","","","","","","","","","","","","","","","","","","","","","","","","","","","","","","","","","","","","","","","","","","","","","","","","","","","","","","","","","","","","","","","","","","","","","","","","","","","","","","","","","","","","","","","","","","","","","","","","","","","","","","","","","","","","","","","","","","","","","","","","","","","","","","","","","","","","","","","","","","","","","","","","","","","","","","","","","","","","","","","","","","","","","","","","","","","","","","","","","","","","","","","","","","","","","","","","","","","","","","","","","","","","","","","","","","","","","","","","","","","","","","","","","END>"]]},{"filenamePrefix":"FaMassaddDistributions","columnTitles":[],"linesCount":"1","linesDescriptor":[["$FU_INTEGRATION_FUNCTIONS(getRecordNum,[$RECNUM])","1>","","$FU_INTEGRATION_FUNCTIONS(getLocationSegment,[1,LOCATION])","$FU_INTEGRATION_FUNCTIONS(getLocationSegment,[2,LOCATION])","$FU_INTEGRATION_FUNCTIONS(getLocationSegment,[3,LOCATION])","$FU_INTEGRATION_FUNCTIONS(getLocationSegment,[4,LOCATION])","$FU_INTEGRATION_FUNCTIONS(getLocationSegment,[5,LOCATION])","$FU_INTEGRATION_FUNCTIONS(getLocationSegment,[6,LOCATION])","$FU_INTEGRATION_FUNCTIONS(getLocationSegment,[7,LOCATION])","$FU_INTEGRATION_FUNCTIONS(getGlSegment,[FAR_OF_ASSET_CATEGORIES.DEPRECIATIONACCOUNT,0])","$FU_INTEGRATION_FUNCTIONS(getFARofAssetCatGlSegment2,[FAR_OF_ASSET_CATEGORIES.DEPRECIATIONACCOUNT])","$FU_INTEGRATION_FUNCTIONS(getGlSegment,[FAR_OF_ASSET_CATEGORIES.DEPRECIATIONACCOUNT,2])","$FU_INTEGRATION_FUNCTIONS(getGlSegment,[FAR_OF_ASSET_CATEGORIES.DEPRECIATIONACCOUNT,3])","$FU_INTEGRATION_FUNCTIONS(getGlSegment,[FAR_OF_ASSET_CATEGORIES.DEPRECIATIONACCOUNT,4])","$FU_INTEGRATION_FUNCTIONS(getGlSegment,[FAR_OF_ASSET_CATEGORIES.DEPRECIATIONACCOUNT,5])","$FU_INTEGRATION_FUNCTIONS(getGlSegment,[FAR_OF_ASSET_CATEGORIES.DEPRECIATIONACCOUNT,6])","$FU_INTEGRATION_FUNCTIONS(getGlSegment,[FAR_OF_ASSET_CATEGORIES.DEPRECIATIONACCOUNT,7])","$FU_INTEGRATION_FUNCTIONS(getGlSegment,[FAR_OF_ASSET_CATEGORIES.DEPRECIATIONACCOUNT,8])","$FU_INTEGRATION_FUNCTIONS(getGlSegment,[FAR_OF_ASSET_CATEGORIES.DEPRECIATIONACCOUNT,9])","$FU_INTEGRATION_FUNCTIONS(getGlSegment,[FAR_OF_ASSET_CATEGORIES.DEPRECIATIONACCOUNT,10])","","","","","","","","","","","","","","","","","","","","END>"]]}]',CRONTASKPARAMSEQ.nextval,null);
Insert into CRONTASKPARAM (CRONTASKNAME,INSTANCENAME,PARAMETER,VALUE,CRONTASKPARAMID,CRYPTOVALUE) values ('FUSIONFBI','FIN-INT-085','OUTPUT_MAIN_FOLDER','Y:/FIN_INT_085',CRONTASKPARAMSEQ.nextval,null);
Insert into CRONTASKPARAM (CRONTASKNAME,INSTANCENAME,PARAMETER,VALUE,CRONTASKPARAMID,CRYPTOVALUE) values ('FUSIONFBI','FIN-INT-085','OUTPUT_SUBFOLDER_COMPRESS','Y',CRONTASKPARAMSEQ.nextval,null);
Insert into CRONTASKPARAM (CRONTASKNAME,INSTANCENAME,PARAMETER,VALUE,CRONTASKPARAMID,CRYPTOVALUE) values ('FUSIONFBI','FIN-INT-085','PROCESSED_DATE_ATTRIBUTE',null,CRONTASKPARAMSEQ.nextval,null);
Insert into CRONTASKPARAM (CRONTASKNAME,INSTANCENAME,PARAMETER,VALUE,CRONTASKPARAMID,CRYPTOVALUE) values ('FUSIONFBI','FIN-INT-085','PROCESSED_FLAG_ATTRIBUTE',null,CRONTASKPARAMSEQ.nextval,null);
Insert into CRONTASKPARAM (CRONTASKNAME,INSTANCENAME,PARAMETER,VALUE,CRONTASKPARAMID,CRYPTOVALUE) values ('FUSIONFBI','FIN-INT-085','VALUE_DATETIME_FORMAT','yyyy/MM/dd HH:mm:ss',CRONTASKPARAMSEQ.nextval,null);
Insert into CRONTASKPARAM (CRONTASKNAME,INSTANCENAME,PARAMETER,VALUE,CRONTASKPARAMID,CRYPTOVALUE) values ('FUSIONFBI','FIN-INT-085','VALUE_DATE_FORMAT','yyyy/MM/dd',CRONTASKPARAMSEQ.nextval,null);
Insert into CRONTASKPARAM (CRONTASKNAME,INSTANCENAME,PARAMETER,VALUE,CRONTASKPARAMID,CRYPTOVALUE) values ('FUSIONFBI','FIN-INT-085','VALUE_TIME_FORMAT','HH:mm:ss',CRONTASKPARAMSEQ.nextval,null);
Insert into CRONTASKPARAM (CRONTASKNAME,INSTANCENAME,PARAMETER,VALUE,CRONTASKPARAMID,CRYPTOVALUE) values ('FUSIONFBI','FIN-INT-085','WHERECLAUSE','NVL(fu_created,''N'')=''N'' and NVL(FU_CAPITALIZED,''N'')=''Y'' and fu_projectnum is null and FU_TASKNUM is null and category is not null and status=''OPERATING''   and statusdate > (select max(propvalue) from maxpropvalue where propname=''FU_GOLIVEDATE'' and propvalue is not null) and not exists (select 1 from fbilogger where CRONTASKNAME=''FUSIONFBI'' and INSTANCENAME= ''FIN-INT-085'' and FILEEXPORTED=''Y'' and OWNERTABLE=''ASSET'' and OWNERID=ASSET.ASSETUID)',CRONTASKPARAMSEQ.nextval,null);
Insert into CRONTASKPARAM (CRONTASKNAME,INSTANCENAME,PARAMETER,VALUE,CRONTASKPARAMID,CRYPTOVALUE) values ('FUSIONFBI','FIN-INT-089','GENERATE_MERGED_ZIP','N',CRONTASKPARAMSEQ.nextval,null);
Insert into CRONTASKPARAM (CRONTASKNAME,INSTANCENAME,PARAMETER,VALUE,CRONTASKPARAMID,CRYPTOVALUE) values ('FUSIONFBI','FIN-INT-089','OBJECTNAME','WORKORDER',CRONTASKPARAMSEQ.nextval,null);
Insert into CRONTASKPARAM (CRONTASKNAME,INSTANCENAME,PARAMETER,VALUE,CRONTASKPARAMID,CRYPTOVALUE) values ('FUSIONFBI','FIN-INT-089','OUPUT_SUBFOLDER_DATE_FORMAT','yyyyMMddHHmmssSSS',CRONTASKPARAMSEQ.nextval,null);
Insert into CRONTASKPARAM (CRONTASKNAME,INSTANCENAME,PARAMETER,VALUE,CRONTASKPARAMID,CRYPTOVALUE) values ('FUSIONFBI','FIN-INT-089','OUPUT_SUBFOLDER_PREFIX','LISTOFAPRWO',CRONTASKPARAMSEQ.nextval,null);
Insert into CRONTASKPARAM (CRONTASKNAME,INSTANCENAME,PARAMETER,VALUE,CRONTASKPARAMID,CRYPTOVALUE) values ('FUSIONFBI','FIN-INT-089','OUTPUT_FILES_COUNT','1',CRONTASKPARAMSEQ.nextval,null);
Insert into CRONTASKPARAM (CRONTASKNAME,INSTANCENAME,PARAMETER,VALUE,CRONTASKPARAMID,CRYPTOVALUE) values ('FUSIONFBI','FIN-INT-089','OUTPUT_FILES_DESCRIPTORS_JSON','[{"filenamePrefix":"LISTOFAPRWO","columnTitles":["WONUM","SITEID","WORKTYPE","REPORTDATE","DESCRIPTION","STATUS","STATUSDATE","ASSETNUM","LOCATION","GLACCOUNT"],"linesCount":"1","linesDescriptor":[["WONUM","SITEID","WORKTYPE","REPORTDATE","DESCRIPTION","STATUS","STATUSDATE","ASSETNUM","LOCATION","GLACCOUNT"]]}]',CRONTASKPARAMSEQ.nextval,null);
Insert into CRONTASKPARAM (CRONTASKNAME,INSTANCENAME,PARAMETER,VALUE,CRONTASKPARAMID,CRYPTOVALUE) values ('FUSIONFBI','FIN-INT-089','OUTPUT_MAIN_FOLDER','Y:/FIN_INT_089',CRONTASKPARAMSEQ.nextval,null);
Insert into CRONTASKPARAM (CRONTASKNAME,INSTANCENAME,PARAMETER,VALUE,CRONTASKPARAMID,CRYPTOVALUE) values ('FUSIONFBI','FIN-INT-089','OUTPUT_SUBFOLDER_COMPRESS','Y',CRONTASKPARAMSEQ.nextval,null);
Insert into CRONTASKPARAM (CRONTASKNAME,INSTANCENAME,PARAMETER,VALUE,CRONTASKPARAMID,CRYPTOVALUE) values ('FUSIONFBI','FIN-INT-089','PROCESSED_DATE_ATTRIBUTE',null,CRONTASKPARAMSEQ.nextval,null);
Insert into CRONTASKPARAM (CRONTASKNAME,INSTANCENAME,PARAMETER,VALUE,CRONTASKPARAMID,CRYPTOVALUE) values ('FUSIONFBI','FIN-INT-089','PROCESSED_FLAG_ATTRIBUTE',null,CRONTASKPARAMSEQ.nextval,null);
Insert into CRONTASKPARAM (CRONTASKNAME,INSTANCENAME,PARAMETER,VALUE,CRONTASKPARAMID,CRYPTOVALUE) values ('FUSIONFBI','FIN-INT-089','VALUE_DATETIME_FORMAT','yyyy/MM/dd HH:mm:ss',CRONTASKPARAMSEQ.nextval,null);
Insert into CRONTASKPARAM (CRONTASKNAME,INSTANCENAME,PARAMETER,VALUE,CRONTASKPARAMID,CRYPTOVALUE) values ('FUSIONFBI','FIN-INT-089','VALUE_DATE_FORMAT','yyyy/MM/dd',CRONTASKPARAMSEQ.nextval,null);
Insert into CRONTASKPARAM (CRONTASKNAME,INSTANCENAME,PARAMETER,VALUE,CRONTASKPARAMID,CRYPTOVALUE) values ('FUSIONFBI','FIN-INT-089','VALUE_TIME_FORMAT','HH:mm:ss',CRONTASKPARAMSEQ.nextval,null);
Insert into CRONTASKPARAM (CRONTASKNAME,INSTANCENAME,PARAMETER,VALUE,CRONTASKPARAMID,CRYPTOVALUE) values ('FUSIONFBI','FIN-INT-089','WHERECLAUSE','istask=0 and trunc(changedate) = trunc(sysdate) and changedate > (select max(propvalue) from maxpropvalue where propname=''FU_GOLIVEDATE'' and propvalue is not null) and not exists (select 1 from fbilogger where CRONTASKNAME=''FUSIONFBI'' and INSTANCENAME= ''FIN-INT-089'' and FILEEXPORTED=''Y'' and OWNERTABLE=''WORKORDER'' and OWNERID=WORKORDER.WORKORDERID)',CRONTASKPARAMSEQ.nextval,null);
Insert into CRONTASKPARAM (CRONTASKNAME,INSTANCENAME,PARAMETER,VALUE,CRONTASKPARAMID,CRYPTOVALUE) values ('FUSIONFBI','SCM-INT-053A','GENERATE_MERGED_ZIP','N',CRONTASKPARAMSEQ.nextval,null);
Insert into CRONTASKPARAM (CRONTASKNAME,INSTANCENAME,PARAMETER,VALUE,CRONTASKPARAMID,CRYPTOVALUE) values ('FUSIONFBI','SCM-INT-053A','OBJECTNAME','INVTRANS',CRONTASKPARAMSEQ.nextval,null);
Insert into CRONTASKPARAM (CRONTASKNAME,INSTANCENAME,PARAMETER,VALUE,CRONTASKPARAMID,CRYPTOVALUE) values ('FUSIONFBI','SCM-INT-053A','OUPUT_SUBFOLDER_DATE_FORMAT','yyyyMMddHHmmssSSS',CRONTASKPARAMSEQ.nextval,null);
Insert into CRONTASKPARAM (CRONTASKNAME,INSTANCENAME,PARAMETER,VALUE,CRONTASKPARAMID,CRYPTOVALUE) values ('FUSIONFBI','SCM-INT-053A','OUPUT_SUBFOLDER_PREFIX','GLInterface',CRONTASKPARAMSEQ.nextval,null);
Insert into CRONTASKPARAM (CRONTASKNAME,INSTANCENAME,PARAMETER,VALUE,CRONTASKPARAMID,CRYPTOVALUE) values ('FUSIONFBI','SCM-INT-053A','OUTPUT_FILES_COUNT','1',CRONTASKPARAMSEQ.nextval,null);
Insert into CRONTASKPARAM (CRONTASKNAME,INSTANCENAME,PARAMETER,VALUE,CRONTASKPARAMID,CRYPTOVALUE) values ('FUSIONFBI','SCM-INT-053A','OUTPUT_FILES_DESCRIPTORS_JSON','[{"filenamePrefix":"GL_INTERFACE","columnTitles":[],"linesCount":"2","linesDescriptor":[["NEW>","$FU_INTEGRATION_FUNCTIONS(getFusionLedgerId,[])","$FU_INTEGRATION_FUNCTIONS(formatDate,[TRANSDATE,yyyy/MM/dd])","MAXIMO>","Inventory Cost>","AED>","$FU_INTEGRATION_FUNCTIONS(formatDate,[TRANSDATE,yyyy/MM/dd])","A>","$FU_INTEGRATION_FUNCTIONS(getGlSegment,[GLDEBITACCT,0])","$FU_INTEGRATION_FUNCTIONS(getGlSegment,[GLDEBITACCT,1])","$FU_INTEGRATION_FUNCTIONS(getGlSegment,[GLDEBITACCT,2])","$FU_INTEGRATION_FUNCTIONS(getGlSegment,[GLDEBITACCT,3])","$FU_INTEGRATION_FUNCTIONS(getGlSegment,[GLDEBITACCT,4])","$FU_INTEGRATION_FUNCTIONS(getGlSegment,[GLDEBITACCT,5])","$FU_INTEGRATION_FUNCTIONS(getGlSegment,[GLDEBITACCT,6])","$FU_INTEGRATION_FUNCTIONS(getGlSegment,[GLDEBITACCT,7])","$FU_INTEGRATION_FUNCTIONS(getGlSegment,[GLDEBITACCT,8])","$FU_INTEGRATION_FUNCTIONS(getGlSegment,[GLDEBITACCT,9])","$FU_INTEGRATION_FUNCTIONS(getGlSegment,[GLDEBITACCT,10])","","","","","","","","","","","","","","","","","","","","LINECOST","","LINECOST","","GL_INTERFACE_>$FU_INTEGRATION_FUNCTIONS(formatDateValue,[$RUNDATE,ddMMyyyy_HHmmss])","","","","","","","","","","","","","","","","","","","","","","","","$FU_INTEGRATION_FUNCTIONS(formatDateValue,[$RUNDATE,yyyyMMddHHmmss])","Inventory Adjustment>","IAR.DESCRIPTION","STORELOC","","IARNUM","IAR.IARTYPE","ITEMNUM","","","","","","","","","","","","","","","","","","","","","FINANCIALPERIOD","","","","","","","","","","","","","","","INVTRANSID","","","","","","","","","","","","","","","","","","","","","","","","","","","","","","","","","","","","","","","","END>"],["NEW>","$FU_INTEGRATION_FUNCTIONS(getFusionLedgerId,[])","$FU_INTEGRATION_FUNCTIONS(formatDate,[TRANSDATE,yyyy/MM/dd])","MAXIMO>","Inventory Cost>","AED>","$FU_INTEGRATION_FUNCTIONS(formatDate,[TRANSDATE,yyyy/MM/dd])","A>","$FU_INTEGRATION_FUNCTIONS(getGlSegment,[GLCREDITACCT,0])","$FU_INTEGRATION_FUNCTIONS(getGlSegment,[GLCREDITACCT,1])","$FU_INTEGRATION_FUNCTIONS(getGlSegment,[GLCREDITACCT,2])","$FU_INTEGRATION_FUNCTIONS(getGlSegment,[GLCREDITACCT,3])","$FU_INTEGRATION_FUNCTIONS(getGlSegment,[GLCREDITACCT,4])","$FU_INTEGRATION_FUNCTIONS(getGlSegment,[GLCREDITACCT,5])","$FU_INTEGRATION_FUNCTIONS(getGlSegment,[GLCREDITACCT,6])","$FU_INTEGRATION_FUNCTIONS(getGlSegment,[GLCREDITACCT,7])","$FU_INTEGRATION_FUNCTIONS(getGlSegment,[GLCREDITACCT,8])","$FU_INTEGRATION_FUNCTIONS(getGlSegment,[GLCREDITACCT,9])","$FU_INTEGRATION_FUNCTIONS(getGlSegment,[GLCREDITACCT,10])","","","","","","","","","","","","","","","","","","","","","LINECOST","","LINECOST","GL_INTERFACE_>$FU_INTEGRATION_FUNCTIONS(formatDateValue,[$RUNDATE,ddMMyyyy_HHmmss])","","","","","","","","","","","","","","","","","","","","","","","","$FU_INTEGRATION_FUNCTIONS(formatDateValue,[$RUNDATE,yyyyMMddHHmmss])","Inventory Adjustment>","IAR.DESCRIPTION","STORELOC","","IARNUM","IAR.IARTYPE","ITEMNUM","","","","","","","","","","","","","","","","","","","","","FINANCIALPERIOD","","","","","","","","","","","","","","","INVTRANSID","","","","","","","","","","","","","","","","","","","","","","","","","","","","","","","","","","","","","","","","END>"]]}]',CRONTASKPARAMSEQ.nextval,null);
Insert into CRONTASKPARAM (CRONTASKNAME,INSTANCENAME,PARAMETER,VALUE,CRONTASKPARAMID,CRYPTOVALUE) values ('FUSIONFBI','SCM-INT-053A','OUTPUT_MAIN_FOLDER','Y:/SCM_INT_053A',CRONTASKPARAMSEQ.nextval,null);
Insert into CRONTASKPARAM (CRONTASKNAME,INSTANCENAME,PARAMETER,VALUE,CRONTASKPARAMID,CRYPTOVALUE) values ('FUSIONFBI','SCM-INT-053A','OUTPUT_SUBFOLDER_COMPRESS','Y',CRONTASKPARAMSEQ.nextval,null);
Insert into CRONTASKPARAM (CRONTASKNAME,INSTANCENAME,PARAMETER,VALUE,CRONTASKPARAMID,CRYPTOVALUE) values ('FUSIONFBI','SCM-INT-053A','PROCESSED_DATE_ATTRIBUTE',null,CRONTASKPARAMSEQ.nextval,null);
Insert into CRONTASKPARAM (CRONTASKNAME,INSTANCENAME,PARAMETER,VALUE,CRONTASKPARAMID,CRYPTOVALUE) values ('FUSIONFBI','SCM-INT-053A','PROCESSED_FLAG_ATTRIBUTE',null,CRONTASKPARAMSEQ.nextval,null);
Insert into CRONTASKPARAM (CRONTASKNAME,INSTANCENAME,PARAMETER,VALUE,CRONTASKPARAMID,CRYPTOVALUE) values ('FUSIONFBI','SCM-INT-053A','VALUE_DATETIME_FORMAT','yyyy/MM/dd HH:mm:ss',CRONTASKPARAMSEQ.nextval,null);
Insert into CRONTASKPARAM (CRONTASKNAME,INSTANCENAME,PARAMETER,VALUE,CRONTASKPARAMID,CRYPTOVALUE) values ('FUSIONFBI','SCM-INT-053A','VALUE_DATE_FORMAT','yyyy/MM/dd',CRONTASKPARAMSEQ.nextval,null);
Insert into CRONTASKPARAM (CRONTASKNAME,INSTANCENAME,PARAMETER,VALUE,CRONTASKPARAMID,CRYPTOVALUE) values ('FUSIONFBI','SCM-INT-053A','VALUE_TIME_FORMAT','HH:mm:ss',CRONTASKPARAMSEQ.nextval,null);
Insert into CRONTASKPARAM (CRONTASKNAME,INSTANCENAME,PARAMETER,VALUE,CRONTASKPARAMID,CRYPTOVALUE) values ('FUSIONFBI','SCM-INT-053A','WHERECLAUSE','LINECOST<>0 and glcreditacct!= gldebitacct and  transdate > (select max(propvalue) from maxpropvalue where propname=''FU_GOLIVEDATE'' and propvalue is not null) and transtype not in (''INSERTITEM'',''PCOUNTADJ'',''MMSAVGCSTADJ'',''MMSCURBALADJ'') and not exists (select 1 from locations where locations.location=INVTRANS.storeloc and locations.black=1) and not exists (select 1 from fbilogger where CRONTASKNAME=''FUSIONFBI'' and INSTANCENAME= ''SCM-INT-053A'' and FILEEXPORTED=''Y'' and OWNERTABLE=''INVTRANS'' and OWNERID=INVTRANS.INVTRANSID)',CRONTASKPARAMSEQ.nextval,null);
Insert into CRONTASKPARAM (CRONTASKNAME,INSTANCENAME,PARAMETER,VALUE,CRONTASKPARAMID,CRYPTOVALUE) values ('FUSIONFBI','SCM-INT-053B','GENERATE_MERGED_ZIP','N',CRONTASKPARAMSEQ.nextval,null);
Insert into CRONTASKPARAM (CRONTASKNAME,INSTANCENAME,PARAMETER,VALUE,CRONTASKPARAMID,CRYPTOVALUE) values ('FUSIONFBI','SCM-INT-053B','OBJECTNAME','MATRECTRANS',CRONTASKPARAMSEQ.nextval,null);
Insert into CRONTASKPARAM (CRONTASKNAME,INSTANCENAME,PARAMETER,VALUE,CRONTASKPARAMID,CRYPTOVALUE) values ('FUSIONFBI','SCM-INT-053B','OUPUT_SUBFOLDER_DATE_FORMAT','yyyyMMddHHmmssSSS',CRONTASKPARAMSEQ.nextval,null);
Insert into CRONTASKPARAM (CRONTASKNAME,INSTANCENAME,PARAMETER,VALUE,CRONTASKPARAMID,CRYPTOVALUE) values ('FUSIONFBI','SCM-INT-053B','OUPUT_SUBFOLDER_PREFIX','GLInterface',CRONTASKPARAMSEQ.nextval,null);
Insert into CRONTASKPARAM (CRONTASKNAME,INSTANCENAME,PARAMETER,VALUE,CRONTASKPARAMID,CRYPTOVALUE) values ('FUSIONFBI','SCM-INT-053B','OUTPUT_FILES_COUNT','1',CRONTASKPARAMSEQ.nextval,null);
Insert into CRONTASKPARAM (CRONTASKNAME,INSTANCENAME,PARAMETER,VALUE,CRONTASKPARAMID,CRYPTOVALUE) values ('FUSIONFBI','SCM-INT-053B','OUTPUT_FILES_DESCRIPTORS_JSON','[{"filenamePrefix":"GL_INTERFACE","columnTitles":[],"linesCount":"2","linesDescriptor":[["NEW>","$FU_INTEGRATION_FUNCTIONS(getFusionLedgerId,[])","$FU_INTEGRATION_FUNCTIONS(formatDate,[ACTUALDATE,yyyy/MM/dd])","MAXIMO>","Inventory Cost>","AED>","$FU_INTEGRATION_FUNCTIONS(formatDate,[TRANSDATE,yyyy/MM/dd])","A>","$FU_INTEGRATION_FUNCTIONS(getGlSegment,[GLDEBITACCT,0])","$FU_INTEGRATION_FUNCTIONS(getGlSegment,[GLDEBITACCT,1])","$FU_INTEGRATION_FUNCTIONS(getGlSegment,[GLDEBITACCT,2])","$FU_INTEGRATION_FUNCTIONS(getGlSegment,[GLDEBITACCT,3])","$FU_INTEGRATION_FUNCTIONS(getGlSegment,[GLDEBITACCT,4])","$FU_INTEGRATION_FUNCTIONS(getGlSegment,[GLDEBITACCT,5])","$FU_INTEGRATION_FUNCTIONS(getGlSegment,[GLDEBITACCT,6])","$FU_INTEGRATION_FUNCTIONS(getGlSegment,[GLDEBITACCT,7])","$FU_INTEGRATION_FUNCTIONS(getGlSegment,[GLDEBITACCT,8])","$FU_INTEGRATION_FUNCTIONS(getGlSegment,[GLDEBITACCT,9])","$FU_INTEGRATION_FUNCTIONS(getGlSegment,[GLDEBITACCT,10])","","","","","","","","","","","","","","","","","","","","LINECOST","","LINECOST","","GL_INTERFACE_>$FU_INTEGRATION_FUNCTIONS(formatDateValue,[$RUNDATE,ddMMyyyy_HHmmss])","","","","","","","","","","","","","","","","","","","","","","","","$FU_INTEGRATION_FUNCTIONS(formatDateValue,[$RUNDATE,yyyyMMddHHmmss])","Inventory Transfer>","IAR.DESCRIPTION","PONUM","","IARNUM","IAR.IARTYPE","ITEMNUM","FROMSTORELOC","TOSTORELOC","ISSUETYPE","$FU_INTEGRATION_FUNCTIONS(getCombineTwoAttribute,[ICMRNUM,ICMR.DESCRIPTION,250])","","","","","","","","","","","","","","","","","FINANCIALPERIOD","","","","","","","","","","","","","","POLINENUM","MATRECTRANSID","","","","","","","","","","","","","","","","","","","","","","","","","","","","","","","","","","","","","","","","END>"],["NEW>","$FU_INTEGRATION_FUNCTIONS(getFusionLedgerId,[])","$FU_INTEGRATION_FUNCTIONS(formatDate,[ACTUALDATE,yyyy/MM/dd])","MAXIMO>","Inventory Cost>","AED>","$FU_INTEGRATION_FUNCTIONS(formatDate,[TRANSDATE,yyyy/MM/dd])","A>","$FU_INTEGRATION_FUNCTIONS(getGlSegment,[GLCREDITACCT,0])","$FU_INTEGRATION_FUNCTIONS(getGlSegment,[GLCREDITACCT,1])","$FU_INTEGRATION_FUNCTIONS(getGlSegment,[GLCREDITACCT,2])","$FU_INTEGRATION_FUNCTIONS(getGlSegment,[GLCREDITACCT,3])","$FU_INTEGRATION_FUNCTIONS(getGlSegment,[GLCREDITACCT,4])","$FU_INTEGRATION_FUNCTIONS(getGlSegment,[GLCREDITACCT,5])","$FU_INTEGRATION_FUNCTIONS(getGlSegment,[GLCREDITACCT,6])","$FU_INTEGRATION_FUNCTIONS(getGlSegment,[GLCREDITACCT,7])","$FU_INTEGRATION_FUNCTIONS(getGlSegment,[GLCREDITACCT,8])","$FU_INTEGRATION_FUNCTIONS(getGlSegment,[GLCREDITACCT,9])","$FU_INTEGRATION_FUNCTIONS(getGlSegment,[GLCREDITACCT,10])","","","","","","","","","","","","","","","","","","","","","LINECOST","","LINECOST","GL_INTERFACE_>$FU_INTEGRATION_FUNCTIONS(formatDateValue,[$RUNDATE,ddMMyyyy_HHmmss])","","","","","","","","","","","","","","","","","","","","","","","","$FU_INTEGRATION_FUNCTIONS(formatDateValue,[$RUNDATE,yyyyMMddHHmmss])","Inventory Transfer>","IAR.DESCRIPTION","PONUM","","IARNUM","IAR.IARTYPE","ITEMNUM","FROMSTORELOC","TOSTORELOC","ISSUETYPE","$FU_INTEGRATION_FUNCTIONS(getCombineTwoAttribute,[ICMRNUM,ICMR.DESCRIPTION,250])","","","","","","","","","","","","","","","","","FINANCIALPERIOD","","","","","","","","","","","","","","POLINENUM","MATRECTRANSID","","","","","","","","","","","","","","","","","","","","","","","","","","","","","","","","","","","","","","","","END>"]]}]',CRONTASKPARAMSEQ.nextval,null);
Insert into CRONTASKPARAM (CRONTASKNAME,INSTANCENAME,PARAMETER,VALUE,CRONTASKPARAMID,CRYPTOVALUE) values ('FUSIONFBI','SCM-INT-053B','OUTPUT_MAIN_FOLDER','Y:/SCM_INT_053B',CRONTASKPARAMSEQ.nextval,null);
Insert into CRONTASKPARAM (CRONTASKNAME,INSTANCENAME,PARAMETER,VALUE,CRONTASKPARAMID,CRYPTOVALUE) values ('FUSIONFBI','SCM-INT-053B','OUTPUT_SUBFOLDER_COMPRESS','Y',CRONTASKPARAMSEQ.nextval,null);
Insert into CRONTASKPARAM (CRONTASKNAME,INSTANCENAME,PARAMETER,VALUE,CRONTASKPARAMID,CRYPTOVALUE) values ('FUSIONFBI','SCM-INT-053B','PROCESSED_DATE_ATTRIBUTE',null,CRONTASKPARAMSEQ.nextval,null);
Insert into CRONTASKPARAM (CRONTASKNAME,INSTANCENAME,PARAMETER,VALUE,CRONTASKPARAMID,CRYPTOVALUE) values ('FUSIONFBI','SCM-INT-053B','PROCESSED_FLAG_ATTRIBUTE',null,CRONTASKPARAMSEQ.nextval,null);
Insert into CRONTASKPARAM (CRONTASKNAME,INSTANCENAME,PARAMETER,VALUE,CRONTASKPARAMID,CRYPTOVALUE) values ('FUSIONFBI','SCM-INT-053B','VALUE_DATETIME_FORMAT','yyyy/MM/dd HH:mm:ss',CRONTASKPARAMSEQ.nextval,null);
Insert into CRONTASKPARAM (CRONTASKNAME,INSTANCENAME,PARAMETER,VALUE,CRONTASKPARAMID,CRYPTOVALUE) values ('FUSIONFBI','SCM-INT-053B','VALUE_DATE_FORMAT','yyyy/MM/dd',CRONTASKPARAMSEQ.nextval,null);
Insert into CRONTASKPARAM (CRONTASKNAME,INSTANCENAME,PARAMETER,VALUE,CRONTASKPARAMID,CRYPTOVALUE) values ('FUSIONFBI','SCM-INT-053B','VALUE_TIME_FORMAT','HH:mm:ss',CRONTASKPARAMSEQ.nextval,null);
Insert into CRONTASKPARAM (CRONTASKNAME,INSTANCENAME,PARAMETER,VALUE,CRONTASKPARAMID,CRYPTOVALUE) values ('FUSIONFBI','SCM-INT-053B','WHERECLAUSE','LOADEDCOST<>0 and glcreditacct!= gldebitacct and  transdate > (select max(propvalue) from maxpropvalue where propname=''FU_GOLIVEDATE'' and propvalue is not null) and (exists (select 1 from po where po.ponum=matrectrans.ponum and internal=1) or ponum is null)  and not exists (select 1 from locations where locations.location=matrectrans.tostoreloc and  locations.type=''HOLDING'') and not exists (select 1 from locations where locations.location=matrectrans.fromstoreloc and  locations.type=''HOLDING'')  and FU_IsInterCompanyGL(gldebitacct)=0 and not exists (select 1 from fbilogger where CRONTASKNAME=''FUSIONFBI'' and INSTANCENAME= ''SCM-INT-053B'' and FILEEXPORTED=''Y'' and OWNERTABLE=''MATRECTRANS'' and OWNERID=MATRECTRANS.MATRECTRANSID)',CRONTASKPARAMSEQ.nextval,null);



--CRON PARAM MAXMESSAGES
Insert into MAXMESSAGES (MSGKEY,MSGGROUP,VALUE,TITLE,DISPLAYMETHOD,OPTIONS,BUTTONTEXT,MAXMESSAGESID,MSGID,EXPLANATION,ADMINRESPONSE,OPERATORRESPONSE,SYSTEMACTION,PREFIX,OTHERSCRC,RESPONSE,VALUECRC,EXPLANATIONCRC,RESPONSECRC,OVERLAIDMSG) values ('OBJECTNAME','fileExporterCron','Maximo object name to export data from . example ASSET',null,'MSGBOX',2,null,MAXMESSAGESSEQ.nextval,(select 'BMXZZ'|| lpad(to_char(max(to_number(substr( substr(msgid,0,(length(msgid)-1)),6)))+1),4,'0')||'I' msgid from MAXMESSAGES where msgid like '%BMXZZ%'),null,null,null,null,1,null,null,null,null,null,0);
Insert into MAXMESSAGES (MSGKEY,MSGGROUP,VALUE,TITLE,DISPLAYMETHOD,OPTIONS,BUTTONTEXT,MAXMESSAGESID,MSGID,EXPLANATION,ADMINRESPONSE,OPERATORRESPONSE,SYSTEMACTION,PREFIX,OTHERSCRC,RESPONSE,VALUECRC,EXPLANATIONCRC,RESPONSECRC,OVERLAIDMSG) values ('OUPUT_SUBFOLDER_DATE_FORMAT','fileExporterCron','The date format to use while naming the subdirectory. This parameter has no effect if OUPUT_SUBFOLDER_PREFIX is left blank. The default format is yyyyMMddHHmmssSSS',null,'MSGBOX',2,null,MAXMESSAGESSEQ.nextval,(select 'BMXZZ'|| lpad(to_char(max(to_number(substr( substr(msgid,0,(length(msgid)-1)),6)))+1),4,'0')||'I' msgid from MAXMESSAGES where msgid like '%BMXZZ%'),null,null,null,null,1,null,null,null,null,null,0);
Insert into MAXMESSAGES (MSGKEY,MSGGROUP,VALUE,TITLE,DISPLAYMETHOD,OPTIONS,BUTTONTEXT,MAXMESSAGESID,MSGID,EXPLANATION,ADMINRESPONSE,OPERATORRESPONSE,SYSTEMACTION,PREFIX,OTHERSCRC,RESPONSE,VALUECRC,EXPLANATIONCRC,RESPONSECRC,OVERLAIDMSG) values ('OUPUT_SUBFOLDER_PREFIX','fileExporterCron','if the output files need to be saved in a sub directory and not directly under the main output folder, then provide a prefix to use for naming the subdirectory otherwise leave this parameter blank to save the output files directly under the main output folder. example ASSET-',null,'MSGBOX',2,null,MAXMESSAGESSEQ.nextval,(select 'BMXZZ'|| lpad(to_char(max(to_number(substr( substr(msgid,0,(length(msgid)-1)),6)))+1),4,'0')||'I' msgid from MAXMESSAGES where msgid like '%BMXZZ%'),null,null,null,null,1,null,null,null,null,null,0);
Insert into MAXMESSAGES (MSGKEY,MSGGROUP,VALUE,TITLE,DISPLAYMETHOD,OPTIONS,BUTTONTEXT,MAXMESSAGESID,MSGID,EXPLANATION,ADMINRESPONSE,OPERATORRESPONSE,SYSTEMACTION,PREFIX,OTHERSCRC,RESPONSE,VALUECRC,EXPLANATIONCRC,RESPONSECRC,OVERLAIDMSG) values ('OUTPUT_FILES_COUNT','fileExporterCron','The number of csv files to output. The default is 1. This number must match the number of descriptors provided in OUTPUT_FILES_DESCRIPTORS_JSON',null,'MSGBOX',2,null,MAXMESSAGESSEQ.nextval,(select 'BMXZZ'|| lpad(to_char(max(to_number(substr( substr(msgid,0,(length(msgid)-1)),6)))+1),4,'0')||'I' msgid from MAXMESSAGES where msgid like '%BMXZZ%'),null,null,null,null,1,null,null,null,null,null,0);
Insert into MAXMESSAGES (MSGKEY,MSGGROUP,VALUE,TITLE,DISPLAYMETHOD,OPTIONS,BUTTONTEXT,MAXMESSAGESID,MSGID,EXPLANATION,ADMINRESPONSE,OPERATORRESPONSE,SYSTEMACTION,PREFIX,OTHERSCRC,RESPONSE,VALUECRC,EXPLANATIONCRC,RESPONSECRC,OVERLAIDMSG) values ('OUTPUT_FILES_DESCRIPTORS_JSON','fileExporterCron','A valid JSON array to describe the output required for each output file. example [''{''""filenamePrefix"": ""H_"",""fileDateFormat"": ""yyyyMMddHHmmssSSS"",""columnTitles"": [""COL1"",""COL2"",""COL3"",""COL4"",""COL5""],""linesCount"": ""2"",""linesDescriptor"": [[""ASSETNUM"", ""ASSET.LOCATION"", ""NULL"", ""PREFIX>ASSET.LOCATION"", ""ASSET.LOCATION<SUFFIX""],[""ASSETNUM"", ""ASSET.LOCATION"", ""NULL"", ""PREFIX>ASSET.LOCATION"", ""PREFIX>ASSET.LOCATION<SUFFIX""]],""fileOperation"": ""newFile""''}'']',null,'MSGBOX',2,null,MAXMESSAGESSEQ.nextval,(select 'BMXZZ'|| lpad(to_char(max(to_number(substr( substr(msgid,0,(length(msgid)-1)),6)))+1),4,'0')||'I' msgid from MAXMESSAGES where msgid like '%BMXZZ%'),null,null,null,null,1,null,null,null,null,null,0);
Insert into MAXMESSAGES (MSGKEY,MSGGROUP,VALUE,TITLE,DISPLAYMETHOD,OPTIONS,BUTTONTEXT,MAXMESSAGESID,MSGID,EXPLANATION,ADMINRESPONSE,OPERATORRESPONSE,SYSTEMACTION,PREFIX,OTHERSCRC,RESPONSE,VALUECRC,EXPLANATIONCRC,RESPONSECRC,OVERLAIDMSG) values ('OUTPUT_MAIN_FOLDER','fileExporterCron','The path to the output directory where the CSV files will be saved. example c:/temp',null,'MSGBOX',2,null,MAXMESSAGESSEQ.nextval,(select 'BMXZZ'|| lpad(to_char(max(to_number(substr( substr(msgid,0,(length(msgid)-1)),6)))+1),4,'0')||'I' msgid from MAXMESSAGES where msgid like '%BMXZZ%'),null,null,null,null,1,null,null,null,null,null,0);
Insert into MAXMESSAGES (MSGKEY,MSGGROUP,VALUE,TITLE,DISPLAYMETHOD,OPTIONS,BUTTONTEXT,MAXMESSAGESID,MSGID,EXPLANATION,ADMINRESPONSE,OPERATORRESPONSE,SYSTEMACTION,PREFIX,OTHERSCRC,RESPONSE,VALUECRC,EXPLANATIONCRC,RESPONSECRC,OVERLAIDMSG) values ('OUTPUT_SUBFOLDER_COMPRESS','fileExporterCron','Whether or not the ouput sub directory should be compressed. This parameter has no effect if OUPUT_SUBFOLDER_PREFIX is left blank. The default is N',null,'MSGBOX',2,null,MAXMESSAGESSEQ.nextval,(select 'BMXZZ'|| lpad(to_char(max(to_number(substr( substr(msgid,0,(length(msgid)-1)),6)))+1),4,'0')||'I' msgid from MAXMESSAGES where msgid like '%BMXZZ%'),null,null,null,null,1,null,null,null,null,null,0);
Insert into MAXMESSAGES (MSGKEY,MSGGROUP,VALUE,TITLE,DISPLAYMETHOD,OPTIONS,BUTTONTEXT,MAXMESSAGESID,MSGID,EXPLANATION,ADMINRESPONSE,OPERATORRESPONSE,SYSTEMACTION,PREFIX,OTHERSCRC,RESPONSE,VALUECRC,EXPLANATIONCRC,RESPONSECRC,OVERLAIDMSG) values ('PROCESSED_DATE_ATTRIBUTE','fileExporterCron','The name of the attribute in the main object to use as a flag that the object has been processed. This attribute should be of DATETIME type. if this parameter is provided, then the corresponding attribute will be set to the date time when a record is processed. Leave blank if it is not required to save the processing date of the record.',null,'MSGBOX',2,null,MAXMESSAGESSEQ.nextval,(select 'BMXZZ'|| lpad(to_char(max(to_number(substr( substr(msgid,0,(length(msgid)-1)),6)))+1),4,'0')||'I' msgid from MAXMESSAGES where msgid like '%BMXZZ%'),null,null,null,null,1,null,null,null,null,null,0);
Insert into MAXMESSAGES (MSGKEY,MSGGROUP,VALUE,TITLE,DISPLAYMETHOD,OPTIONS,BUTTONTEXT,MAXMESSAGESID,MSGID,EXPLANATION,ADMINRESPONSE,OPERATORRESPONSE,SYSTEMACTION,PREFIX,OTHERSCRC,RESPONSE,VALUECRC,EXPLANATIONCRC,RESPONSECRC,OVERLAIDMSG) values ('PROCESSED_FLAG_ATTRIBUTE','fileExporterCron','The name of the attribute in the main object to use as a flag that the object has been processed. This attribute should be of ALN type. if this parameter is provided, then the corresponding attribute will be set to Y when a record is processed. Leave blank if it is not required to mark a record as processed',null,'MSGBOX',2,null,MAXMESSAGESSEQ.nextval,(select 'BMXZZ'|| lpad(to_char(max(to_number(substr( substr(msgid,0,(length(msgid)-1)),6)))+1),4,'0')||'I' msgid from MAXMESSAGES where msgid like '%BMXZZ%'),null,null,null,null,1,null,null,null,null,null,0);
Insert into MAXMESSAGES (MSGKEY,MSGGROUP,VALUE,TITLE,DISPLAYMETHOD,OPTIONS,BUTTONTEXT,MAXMESSAGESID,MSGID,EXPLANATION,ADMINRESPONSE,OPERATORRESPONSE,SYSTEMACTION,PREFIX,OTHERSCRC,RESPONSE,VALUECRC,EXPLANATIONCRC,RESPONSECRC,OVERLAIDMSG) values ('WHERECLAUSE','fileExporterCron','where clause to identify the objects to be exported. example assetnum=''123456''',null,'MSGBOX',2,null,MAXMESSAGESSEQ.nextval,(select 'BMXZZ'|| lpad(to_char(max(to_number(substr( substr(msgid,0,(length(msgid)-1)),6)))+1),4,'0')||'I' msgid from MAXMESSAGES where msgid like '%BMXZZ%'),null,null,null,null,1,null,null,null,null,null,0);
Insert into MAXMESSAGES (MSGKEY,MSGGROUP,VALUE,TITLE,DISPLAYMETHOD,OPTIONS,BUTTONTEXT,MAXMESSAGESID,MSGID,EXPLANATION,ADMINRESPONSE,OPERATORRESPONSE,SYSTEMACTION,PREFIX,OTHERSCRC,RESPONSE,VALUECRC,EXPLANATIONCRC,RESPONSECRC,OVERLAIDMSG) values ('VALUE_DATE_FORMAT','fileExporterCron','The date format to use for exporting values of type DATE. default is yyyy/MM/dd',null,'MSGBOX',2,null,MAXMESSAGESSEQ.nextval,(select 'BMXZZ'|| lpad(to_char(max(to_number(substr( substr(msgid,0,(length(msgid)-1)),6)))+1),4,'0')||'I' msgid from MAXMESSAGES where msgid like '%BMXZZ%'),null,null,null,null,1,null,null,null,null,null,0);
Insert into MAXMESSAGES (MSGKEY,MSGGROUP,VALUE,TITLE,DISPLAYMETHOD,OPTIONS,BUTTONTEXT,MAXMESSAGESID,MSGID,EXPLANATION,ADMINRESPONSE,OPERATORRESPONSE,SYSTEMACTION,PREFIX,OTHERSCRC,RESPONSE,VALUECRC,EXPLANATIONCRC,RESPONSECRC,OVERLAIDMSG) values ('VALUE_TIME_FORMAT','fileExporterCron','The time format to use for exporting values of type TIME. default is HH:mm:ss',null,'MSGBOX',2,null,MAXMESSAGESSEQ.nextval,(select 'BMXZZ'|| lpad(to_char(max(to_number(substr( substr(msgid,0,(length(msgid)-1)),6)))+1),4,'0')||'I' msgid from MAXMESSAGES where msgid like '%BMXZZ%'),null,null,null,null,1,null,null,null,null,null,0);
Insert into MAXMESSAGES (MSGKEY,MSGGROUP,VALUE,TITLE,DISPLAYMETHOD,OPTIONS,BUTTONTEXT,MAXMESSAGESID,MSGID,EXPLANATION,ADMINRESPONSE,OPERATORRESPONSE,SYSTEMACTION,PREFIX,OTHERSCRC,RESPONSE,VALUECRC,EXPLANATIONCRC,RESPONSECRC,OVERLAIDMSG) values ('VALUE_DATETIME_FORMAT','fileExporterCron','The datetime format to use for exporting values of type DATETIME. default is yyyy/MM/dd HH:mm:ss',null,'MSGBOX',2,null,MAXMESSAGESSEQ.nextval,(select 'BMXZZ'|| lpad(to_char(max(to_number(substr( substr(msgid,0,(length(msgid)-1)),6)))+1),4,'0')||'I' msgid from MAXMESSAGES where msgid like '%BMXZZ%'),null,null,null,null,1,null,null,null,null,null,0);
Insert into MAXMESSAGES (MSGKEY,MSGGROUP,VALUE,TITLE,DISPLAYMETHOD,OPTIONS,BUTTONTEXT,MAXMESSAGESID,MSGID,EXPLANATION,ADMINRESPONSE,OPERATORRESPONSE,SYSTEMACTION,PREFIX,OTHERSCRC,RESPONSE,VALUECRC,EXPLANATIONCRC,RESPONSECRC,OVERLAIDMSG) values ('invalidObjectName','fileExporterCron','The provided object name is missing or invalid.',null,'MSGBOX',2,null,MAXMESSAGESSEQ.nextval,(select 'BMXZZ'|| lpad(to_char(max(to_number(substr( substr(msgid,0,(length(msgid)-1)),6)))+1),4,'0')||'E' msgid from MAXMESSAGES where msgid like '%BMXZZ%'),null,null,null,null,1,null,null,null,null,null,0);
Insert into MAXMESSAGES (MSGKEY,MSGGROUP,VALUE,TITLE,DISPLAYMETHOD,OPTIONS,BUTTONTEXT,MAXMESSAGESID,MSGID,EXPLANATION,ADMINRESPONSE,OPERATORRESPONSE,SYSTEMACTION,PREFIX,OTHERSCRC,RESPONSE,VALUECRC,EXPLANATIONCRC,RESPONSECRC,OVERLAIDMSG) values ('invalidOutputDir','fileExporterCron','The provided output directory is invalid or inaccessible.',null,'MSGBOX',2,null,MAXMESSAGESSEQ.nextval,(select 'BMXZZ'|| lpad(to_char(max(to_number(substr( substr(msgid,0,(length(msgid)-1)),6)))+1),4,'0')||'E' msgid from MAXMESSAGES where msgid like '%BMXZZ%'),null,null,null,null,1,null,null,null,null,null,0);
Insert into MAXMESSAGES (MSGKEY,MSGGROUP,VALUE,TITLE,DISPLAYMETHOD,OPTIONS,BUTTONTEXT,MAXMESSAGESID,MSGID,EXPLANATION,ADMINRESPONSE,OPERATORRESPONSE,SYSTEMACTION,PREFIX,OTHERSCRC,RESPONSE,VALUECRC,EXPLANATIONCRC,RESPONSECRC,OVERLAIDMSG) values ('invalidOutputSubDir','fileExporterCron','The provided output subdirectory is invalid or inaccessible.',null,'MSGBOX',2,null,MAXMESSAGESSEQ.nextval,(select 'BMXZZ'|| lpad(to_char(max(to_number(substr( substr(msgid,0,(length(msgid)-1)),6)))+1),4,'0')||'E' msgid from MAXMESSAGES where msgid like '%BMXZZ%'),null,null,null,null,1,null,null,null,null,null,0);
Insert into MAXMESSAGES (MSGKEY,MSGGROUP,VALUE,TITLE,DISPLAYMETHOD,OPTIONS,BUTTONTEXT,MAXMESSAGESID,MSGID,EXPLANATION,ADMINRESPONSE,OPERATORRESPONSE,SYSTEMACTION,PREFIX,OTHERSCRC,RESPONSE,VALUECRC,EXPLANATIONCRC,RESPONSECRC,OVERLAIDMSG) values ('noOutputFilesRequested','fileExporterCron','No output files were requested. Processing will stop.',null,'MSGBOX',2,null,MAXMESSAGESSEQ.nextval,(select 'BMXZZ'|| lpad(to_char(max(to_number(substr( substr(msgid,0,(length(msgid)-1)),6)))+1),4,'0')||'E' msgid from MAXMESSAGES where msgid like '%BMXZZ%'),null,null,null,null,1,null,null,null,null,null,0);
Insert into MAXMESSAGES (MSGKEY,MSGGROUP,VALUE,TITLE,DISPLAYMETHOD,OPTIONS,BUTTONTEXT,MAXMESSAGESID,MSGID,EXPLANATION,ADMINRESPONSE,OPERATORRESPONSE,SYSTEMACTION,PREFIX,OTHERSCRC,RESPONSE,VALUECRC,EXPLANATIONCRC,RESPONSECRC,OVERLAIDMSG) values ('outputFilesDescriptorsMismatch','fileExporterCron','The count of output files requested does not match the count of output file descriptors provided. Every output file must have a corresponding file descriptor.',null,'MSGBOX',2,null,MAXMESSAGESSEQ.nextval,(select 'BMXZZ'|| lpad(to_char(max(to_number(substr( substr(msgid,0,(length(msgid)-1)),6)))+1),4,'0')||'E' msgid from MAXMESSAGES where msgid like '%BMXZZ%'),null,null,null,null,1,null,null,null,null,null,0);
Insert into MAXMESSAGES (MSGKEY,MSGGROUP,VALUE,TITLE,DISPLAYMETHOD,OPTIONS,BUTTONTEXT,MAXMESSAGESID,MSGID,EXPLANATION,ADMINRESPONSE,OPERATORRESPONSE,SYSTEMACTION,PREFIX,OTHERSCRC,RESPONSE,VALUECRC,EXPLANATIONCRC,RESPONSECRC,OVERLAIDMSG) values ('outputFilesDescriptorsMissing','fileExporterCron','Missing output file descriptor. Every output file must have a corresponding file descriptor.',null,'MSGBOX',2,null,MAXMESSAGESSEQ.nextval,(select 'BMXZZ'|| lpad(to_char(max(to_number(substr( substr(msgid,0,(length(msgid)-1)),6)))+1),4,'0')||'E' msgid from MAXMESSAGES where msgid like '%BMXZZ%'),null,null,null,null,1,null,null,null,null,null,0);


